date,open,high,low,close,volume,atr_14_pct,atr_vol_20,range_pct,dist_sma50_pct,macd_hist,bb_bw_20,vol_ratio_20,cmf_20,up_down_vol_ratio_20,ret_vol_corr_20,pct_dist_to_20_high,breakout_up_20,breakout_down_20,vwap_dist,vwap_slope_5,wick_to_body_ratio,inside_bar,engulfing,gap_pct,up_streak,down_streak,wick_up_streak_3,wick_down_streak_3,ret_skew_20,ret_kurt_20,dow,dow_sin,dow_cos,hour,hour_sin,hour_cos,y_reg,y_cls,vol_cv_20_log
2025-02-11 18:30:00,1219.45,1226.9,1193.35,1216.55,21131654.0,,,0.027577986930253717,,,,,,,,,0.0,0.0,0.0035333260008798668,,10.568965517237434,0.0,0.0,,0,0,,,,,1,0.7818314824680298,0.6234898018587336,18,-1.0,-1.8369701987210297e-16,-0.002345346099456139,0,
2025-02-12 18:30:00,1217.05,1228.0,1212.0,1216.1,8511216.0,,,0.01315681276210837,,,,,,,,,0.0,0.0,-0.0021334208582917324,,15.842105263140413,0.0,0.0,0.0004109983149069086,0,1,,,,,2,0.9749279121818236,-0.22252093395631434,18,-1.0,-1.8369701987210297e-16,-0.010699670118187484,0,
2025-02-13 18:30:00,1219.0,1224.0,1205.45,1217.25,10298145.0,,,0.015239268843705025,,,,,,,,,0.0,0.0,0.001384813667151172,,9.599999999994488,0.0,0.0,0.0023846723131322168,1,0,1.0,1.0,,,3,0.43388373911755823,-0.900968867902419,18,-1.0,-1.8369701987210297e-16,-0.00907342735572893,0,
2025-02-16 18:30:00,1211.1,1227.5,1204.5,1224.9,8166683.0,,,0.018777043023920303,,,,,,,,,0.0,0.0,0.004867510733134668,,0.6666666666665964,0.0,1.0,-0.00505237215033895,2,0,1.0,2.0,,,6,-0.7818314824680299,0.6234898018587334,18,-1.0,-1.8369701987210297e-16,-0.02115432135624424,0,
2025-02-17 18:30:00,1224.85,1229.9,1216.1,1225.4,6673250.0,,,0.011261628855883932,,,,,,,,,0.0,0.0,0.001307403170452799,,24.090909090857323,0.0,0.0,-4.081965874780134e-05,3,0,0.0,3.0,,,0,0.0,1.0,18,-1.0,-1.8369701987210297e-16,-0.04589576673892233,0,
2025-02-18 18:30:00,1219.5,1232.75,1217.55,1227.45,6217338.0,,,0.012383396472361427,,,,,,,,,0.0,0.0,0.0012507647338725865,2.729999999999472,0.9119496855344713,0.0,0.0,-0.004814754365921402,4,0,1.0,3.0,,,1,0.7818314824680298,0.6234898018587336,18,-1.0,-1.8369701987210297e-16,-0.055582250452684126,0,
2025-02-19 18:30:00,1223.95,1239.35,1222.0,1233.0,7795582.0,,,0.014071370640713622,,,,,,,,,0.0,0.0,0.0012586787932924223,2.54999999999949,0.9171270718231026,0.0,0.0,-0.002851439977188478,5,0,2.0,3.0,,,2,0.9749279121818236,-0.22252093395631434,18,-1.0,-1.8369701987210297e-16,-0.048371568619582125,0,
2025-02-20 18:30:00,1228.7,1240.0,1222.15,1228.15,6904025.0,,,0.014534055286406297,,,,,,,,,0.0,0.0,-0.001585236972603889,2.9066666666661245,31.454545454490784,0.0,0.0,-0.003487429034874251,0,1,3.0,0.0,,,3,0.43388373911755823,-0.900968867902419,18,-1.0,-1.8369701987210297e-16,-0.015919245659268975,0,
2025-02-23 18:30:00,1216.55,1223.25,1210.5,1214.55,7172498.0,,,0.010497715203161657,,,,,,,,,0.0,0.0,-0.0012745662363293977,-0.5733333333331975,5.374999999997312,0.0,0.0,-0.009445100354191367,0,2,4.0,0.0,,,6,-0.7818314824680299,0.6234898018587334,18,-1.0,-1.8369701987210297e-16,0.02790990069474822,1,
2025-02-24 18:30:00,1211.0,1221.0,1201.5,1204.0,11552182.0,,,0.016196013289036533,,,,,,,,,0.0,0.0,-0.003998345512201782,-2.9933333333327408,1.7857142857140307,0.0,0.0,-0.002922893252644973,0,3,5.0,0.0,,,0,0.0,1.0,18,-1.0,-1.8369701987210297e-16,0.02747087696669644,1,
2025-02-26 18:30:00,1212.8,1215.0,1200.65,1207.1,11509215.0,,,0.01188799602352738,,,,,,,,,0.0,0.0,-0.00040024843006004955,-3.6666666666659635,1.5175438596488204,0.0,0.0,0.00730897009966773,1,0,5.0,1.0,,,2,0.9749279121818236,-0.22252093395631434,18,-1.0,-1.8369701987210297e-16,0.03206042642458213,1,
2025-02-27 18:30:00,1202.0,1217.35,1193.3,1200.1,23007298.0,,,0.02003999666694437,,,,,,,,,0.0,0.0,-0.0028941355674029045,-5.573333333332243,11.657894736835338,0.0,1.0,-0.004225002071079368,0,1,5.0,1.0,,,3,0.43388373911755823,-0.900968867902419,18,-1.0,-1.8369701987210297e-16,0.04566281940917248,1,
2025-03-02 18:30:00,1204.0,1206.45,1156.0,1171.25,17944938.0,,,0.043073639274279624,,,,,,,,,0.0,0.0,-0.005645640546735596,-10.439999999997966,0.5404580152671604,0.0,0.0,0.0032497291892343043,0,2,1.0,1.0,,,6,-0.7818314824680299,0.6234898018587334,18,-1.0,-1.8369701987210297e-16,0.06269058396117674,1,
2025-03-03 18:30:00,1162.2,1174.0,1159.55,1161.9,11377373.0,0.0222812705620173,,0.012436526379206501,,,,,,,,,0.0,0.0,-0.002789340428271036,-10.189999999997971,47.1666666665169,1.0,0.0,-0.0077267876200639895,0,3,1.0,1.0,,,0,0.0,1.0,18,-1.0,-1.8369701987210297e-16,0.06342693373601928,1,
2025-03-04 18:30:00,1161.0,1183.0,1157.0,1175.6,8664095.0,0.02202838109768281,,0.02211636611092207,,,,,,,,,0.0,0.0,0.003185800432358641,-7.393333333331861,0.7808219178081768,0.0,1.0,-0.0007745933384973665,1,0,2.0,1.0,,,1,0.7818314824680298,0.6234898018587336,18,-1.0,-1.8369701987210297e-16,0.051664513554285384,1,
2025-03-05 18:30:00,1197.0,1213.95,1185.15,1209.6,14468014.0,0.02214458986676038,,0.023809523809523756,,,,,,,,,0.0,0.0,0.005569872807382004,-0.9366666666664459,1.2857142857141965,0.0,0.0,0.018203470568220546,2,0,2.0,1.0,,,2,0.9749279121818236,-0.22252093395631434,18,-1.0,-1.8369701987210297e-16,0.029871221713526186,1,
2025-03-06 18:30:00,1216.0,1254.8,1212.0,1249.8,16474965.0,0.02248469736511177,,0.03424547927668421,,,,,,,,,0.0,0.0,0.008825270408437677,7.056666666665294,0.2662721893491049,0.0,0.0,0.005291005291005363,3,0,2.0,1.0,,,3,0.43388373911755823,-0.900968867902419,18,-1.0,-1.8369701987210297e-16,0.014663846543638398,1,
2025-03-09 18:30:00,1245.0,1258.0,1235.4,1238.4,11931051.0,0.02237436969187874,,0.018249354005167872,,,,,,,,,0.0,0.0,-0.004448255533522669,13.206666666664065,2.4242424242420904,0.0,0.0,-0.003840614498319692,0,1,2.0,1.0,,,6,-0.7818314824680299,0.6234898018587334,18,-1.0,-1.8369701987210297e-16,0.02948421812821328,1,
2025-03-10 18:30:00,1240.0,1249.5,1229.75,1247.3,10089838.0,0.02175896808784084,,0.01583420187605226,,,,,,,,,0.0,0.0,0.004119091384792817,15.406666666663579,1.7054794520545777,0.0,0.0,0.0012919896640826128,1,0,2.0,1.0,,,0,0.0,1.0,18,-1.0,-1.8369701987210297e-16,0.04229713060301913,1,
2025-03-11 18:30:00,1258.0,1263.0,1244.0,1257.05,11977555.0,0.021127668046363107,,0.015114752794240474,,,0.08308036830726558,1.0331404978584375,0.04299229943629597,1.1416058610466944,,-0.004711005542359494,0.0,0.0,0.0018862661229260174,16.563333333330053,18.999999999979043,0.0,0.0,0.008578529623987844,2,0,2.0,2.0,,,1,0.7818314824680298,0.6234898018587336,18,-1.0,-1.8369701987210297e-16,0.02164114553148078,1,0.3461352975048485
2025-03-12 18:30:00,1260.05,1264.15,1243.85,1247.9,9505270.0,0.020924350424704922,,0.01626732911290982,,,0.08616613372554711,0.8631717292762974,-0.017424943869319923,1.0410434555583088,0.02414802603989693,-0.012854487204841187,0.0,0.0,-0.0032482227961340314,9.813333333331359,0.6707818930040937,0.0,1.0,0.002386539914880075,0,1,1.0,2.0,0.743060307402028,3.9399325551082858,2,0.9749279121818236,-0.22252093395631434,18,-1.0,-1.8369701987210297e-16,0.0192534575699868,1,0.32648995033595385
2025-03-16 18:30:00,1242.15,1257.4,1233.1,1238.85,16640952.0,0.020972760430748607,,0.01961496549219047,,,0.0874330373523222,1.4573659013149904,-0.0370191161360909,0.9681054140743908,-0.021977159099266334,-0.02001344777122981,0.0,0.0,-0.0034322334991352234,0.8499999999997845,6.363636363634084,0.0,0.0,-0.004607741004888208,0,2,2.0,2.0,0.786224523239167,3.8685777878496976,6,-0.7818314824680299,0.6234898018587334,18,-1.0,-1.8369701987210297e-16,0.030569308291345833,1,0.3250907468726841
2025-03-17 18:30:00,1244.7,1248.35,1235.0,1238.8,15745877.0,0.02024524628530074,,0.010776557959315385,,,0.08853534369785356,1.3468490079756437,-0.07715203996757151,0.7742859420654182,-0.02499073203813929,-0.02005300003955236,0.0,0.0,-0.0015448060932524326,-0.6433333333332562,1.2627118644065154,1.0,0.0,0.004722121322194077,0,3,2.0,1.0,0.7974266297405488,3.8786727351208445,0,0.0,1.0,18,-1.0,-1.8369701987210297e-16,0.02818143779044855,1,0.3244877352048581
2025-03-18 18:30:00,1241.05,1253.25,1238.8,1247.15,16162399.0,0.019500893137897102,,0.01158641703083032,,,0.09061768247328487,1.3367644593690644,-0.09033069764941223,0.8349599986231752,0.015058816333341605,-0.013447771229680012,0.0,0.0,0.0006017329910141202,0.8433333333331707,1.3688524590161235,0.0,0.0,0.001816273813367774,1,0,2.0,1.0,0.7912988420778462,3.8616902697168913,1,0.7818314824680298,0.6234898018587336,18,-1.0,-1.8369701987210297e-16,0.0036604429525176896,1,0.31682852026251396
2025-03-19 18:30:00,1251.85,1273.0,1250.05,1269.15,15971477.0,0.019248935192849474,,0.01808296891620378,,,0.09702455036273608,1.2720603307667462,-0.05396587998504265,0.9055179262540292,0.061962521279427744,-0.003024351924587515,1.0,0.0,0.004021412372765086,1.8766666666663125,0.3265895953756924,0.0,0.0,0.003768592390650535,2,0,2.0,1.0,0.6097869852623489,3.254892224677749,2,0.9749279121818236,-0.22252093395631434,18,-1.0,-1.8369701987210297e-16,-0.014984256682889063,0,0.30025457510027664
2025-03-20 18:30:00,1275.0,1281.0,1270.1,1276.35,21780769.0,0.018436345790734953,,0.0085399772789596,,,0.1042775850774197,1.6335043431250773,-0.0458829868765402,1.0236182305578272,0.0863747416075229,-0.0036299765807963212,1.0,0.0,0.0004180328939633197,4.769999999999028,7.074074074069445,0.0,0.0,0.004609384233542059,3,0,2.0,1.0,0.5625271139280562,3.1939826844292223,3,0.43388373911755823,-0.900968867902419,18,-1.0,-1.8369701987210297e-16,-0.02260143184257646,0,0.2957844175433806
2025-03-23 18:30:00,1291.0,1306.0,1284.25,1302.1,20299319.0,0.018407407229533573,,0.016703786191536736,,,0.11787797102364712,1.4542147512398045,-0.0046765865024185355,1.1185005958045815,0.1851031315933939,-0.0029862174578867444,1.0,0.0,0.0035839531388491734,10.866666666664523,0.959459459459389,0.0,0.0,0.01147804285658329,4,0,2.0,2.0,0.4385936496531398,2.733012283582514,6,-0.7818314824680299,0.6234898018587334,18,-1.0,-1.8369701987210297e-16,-0.07844777246187552,0,0.2873271712047422
2025-03-24 18:30:00,1307.7,1307.7,1282.6,1285.45,13713899.0,0.018708718147423847,,0.019526235948500618,,,0.12446129997357698,0.9590508563085074,-0.033716434605820446,1.063541546875029,0.1599731583925668,-0.017014605796436478,0.0,0.0,-0.005005482809778772,10.239999999998007,0.12808988764044982,0.0,1.0,0.004300744950464736,0,1,0.0,3.0,0.44101792266709317,2.595862089803623,0,0.0,1.0,18,-1.0,-1.8369701987210297e-16,-0.09848708665226208,0,0.2651506782861997
2025-03-25 18:30:00,1291.0,1293.8,1268.75,1273.05,12074747.0,0.01894710580629634,,0.019677153293272014,,,0.12679632877657154,0.8301898187491955,-0.051414411452901036,1.027207201949729,0.1104719792736123,-0.026496902959394407,0.0,0.0,-0.004288768380436102,6.426666666665403,0.3955431754874371,0.0,0.0,0.0043175541639114325,0,2,0.0,4.0,0.44404012587688174,2.619640302063543,1,0.7818314824680298,0.6234898018587336,18,-1.0,-1.8369701987210297e-16,-0.07473848669352645,0,0.24546471015301288
2025-03-26 18:30:00,1278.15,1285.0,1271.3,1278.2,15028056.0,0.018288439636496203,,0.010718197465185444,,,0.12776225347188808,1.0210417973092354,-0.021253134273612615,1.231044204811977,0.08213606962598585,-0.02255869083123039,0.0,0.0,2.6079019428845735e-05,2.8199999999994176,272.99999999479013,1.0,0.0,0.004006127017792021,1,0,0.0,5.0,0.35393457888750524,2.6974689531799543,2,0.9749279121818236,-0.22252093395631434,18,-1.0,-1.8369701987210297e-16,-0.07611474860694013,0,0.2396297618221711
2025-03-27 18:30:00,1280.0,1295.75,1269.0,1275.1,18147129.0,0.01852189105973777,,0.0209787467649596,,,0.12760028303115478,1.205769188813631,-0.049713300276763114,1.0055164307221496,0.06514356165287595,-0.024929265121969958,0.0,0.0,-0.0037892105160358862,0.8266666666665226,4.4591836734683765,0.0,1.0,0.0014082303238929378,0,1,1.0,5.0,0.40081037770954087,2.687027951728718,3,0.43388373911755823,-0.900968867902419,18,-1.0,-1.8369701987210297e-16,-0.045734774476689576,0,0.2346610396856498
2025-03-31 18:30:00,1264.6,1277.9,1249.3,1252.6,12099648.0,0.019138729886038826,,0.02283250838256436,,,0.12343590466712068,0.8341783972940588,-0.04920568712784351,1.0843190721507416,0.19050366386985088,-0.04213504626443381,0.0,0.0,-0.005820413778506736,-7.503333333331875,1.3833333333332294,0.0,0.0,-0.008234648262881337,0,2,2.0,5.0,0.34775182977751573,2.51071002675813,0,0.0,1.0,18,-1.0,-1.8369701987210297e-16,-0.010729369582585767,0,0.23020031536273525
2025-04-01 18:30:00,1247.55,1255.55,1243.9,1251.15,10142590.0,0.018457376340525508,1.5420703314914161,0.009311433481197182,,,0.10985903791854955,0.7185808585792886,-0.016638767420025426,1.1487149392500462,0.32994968539327457,-0.04324386327139246,0.0,0.0,0.0007598784194529233,-8.343333333331671,2.2361111111103296,0.0,0.0,-0.004031614242375819,0,3,3.0,0.0,0.5882397955901444,2.5975518280693577,1,0.7818314824680298,0.6234898018587336,18,-1.0,-1.8369701987210297e-16,-0.010216424284902112,0,0.23020031536273525
2025-04-02 18:30:00,1233.05,1251.8,1233.05,1248.7,7434366.0,0.01824516373084181,1.6219729349294958,0.015015616240890515,,-3.3280194028888683,0.08795541852979487,0.5341700848324374,0.028581800945251704,1.1842575472025545,0.317838178566297,-0.04511738166246078,0.0,0.0,0.0033614120609072257,-6.803333333332015,0.19808306709263213,0.0,0.0,-0.01446669064460706,0,4,4.0,0.0,0.5741834289776749,2.6713781015800886,2,0.9749279121818236,-0.22252093395631434,18,-1.0,-1.8369701987210297e-16,0.0197509346950707,1,0.2439781108730606
2025-04-03 18:30:00,1241.1,1245.45,1193.15,1204.7,17908652.0,0.020854366075675514,1.6094298793506299,0.04341329791649366,,-6.806564056937496,0.07572928351834429,1.2454009318115205,-0.020080683088445624,0.978727810231357,0.19445838457578718,-0.07876424256327898,0.0,0.0,-0.008014711936980216,-12.74666666666412,0.43681318681317893,0.0,0.0,-0.006086329782974398,0,5,4.0,1.0,-0.017711786153969872,3.2915327598016204,3,0.43388373911755823,-0.900968867902419,18,-1.0,-1.8369701987210297e-16,0.07196614772935758,1,0.2309024445447976
2025-04-06 18:30:00,1132.2,1171.25,1114.85,1165.7,22156106.0,0.024837636337506682,1.8940394442862367,0.048382945869434715,,-11.23480997408621,0.09411660670057181,1.5006607945590402,0.006512332879505557,0.762890501793588,-0.018997122937110696,-0.10858759654354966,0.0,1.0,0.013123587693377277,-25.869999999994807,0.6835820895522211,0.0,0.0,-0.06018095791483352,0,6,4.0,2.0,-0.1768670586861301,3.2625397024957725,6,-0.7818314824680299,0.6234898018587334,18,-1.0,-1.8369701987210297e-16,0.10155025358989757,1,0.24613429668235415
2025-04-07 18:30:00,1172.0,1196.6,1163.3,1182.2,19555040.0,0.024837636337506682,2.087951244548342,0.028167822703434212,,-12.458687529489048,0.10694558394140186,1.3108144078955175,-0.027014281602051635,0.781278977748856,-0.003627200586254204,-0.09597002370574284,0.0,0.0,0.0012704327941053836,-15.8466666666635,2.2647058823527,0.0,0.0,0.00540447799605383,1,0,1.0,2.0,-0.6801659359636079,3.1445956907859016,0,0.0,1.0,18,-1.0,-1.8369701987210297e-16,0.09428715505935896,1,0.25032092940477174
2025-04-08 18:30:00,1169.5,1189.8,1168.0,1185.35,10223104.0,0.024815172752414263,2.224686336269096,0.01839119247479642,,-12.433541333817669,0.11638252578295046,0.6892209611394269,0.022763199221063596,0.9069116788617513,-0.039784254896867856,-0.093561214345798,0.0,0.0,0.0036408280767113595,-13.829999999997252,0.37539432176654286,1.0,0.0,-0.01074268313314163,2,0,2.0,2.0,-0.8016906959627145,3.294058266172685,1,0.7818314824680298,0.6234898018587336,18,-1.0,-1.8369701987210297e-16,0.09285618729558674,1,0.25576536645739073
2025-04-10 18:30:00,1195.15,1222.65,1195.15,1218.95,11224242.0,0.024593218126078377,2.4280285294403723,0.022560400344558824,,-9.655263034718914,0.11815720076569716,0.753833028852092,0.02389185076798138,0.914203634708343,-0.0873852934299754,-0.06786724783971854,0.0,0.0,0.005526912765518697,-6.45333333333204,0.15546218487394525,0.0,0.0,0.00826760028683526,3,0,3.0,0.0,-0.46470768132236984,3.086807546663329,3,0.43388373911755823,-0.900968867902419,18,-1.0,-1.8369701987210297e-16,0.06398207701694361,1,0.2518579195044322
2025-04-14 18:30:00,1251.0,1251.0,1237.1,1240.1,13378535.0,0.024293129704527405,2.6349724197917044,0.011208773486009259,,-6.069540426564879,0.1179195189517686,0.8943104819214575,-0.016593576078770857,0.9232091427125091,-0.08779039191073013,-0.05169381356580262,0.0,0.0,-0.002118985032991876,5.659999999998859,0.27522935779813756,0.0,0.0,0.026293121128840337,4,0,3.0,1.0,-0.4525732221549526,2.919893880815448,0,0.0,1.0,18,-1.0,-1.8369701987210297e-16,0.09804242206925716,1,0.24878293191701933
2025-04-15 18:30:00,1234.1,1240.9,1229.0,1239.3,8248464.0,0.023258338918605997,2.7286009019437163,0.00960219478738004,,-3.5526608829594535,0.11797070991064855,0.5537082738658781,0.022750733728304808,0.9307282699131885,-0.11304351119697363,-0.05230557467309019,0.0,0.0,0.0023455192494339122,17.15999999999651,1.288461538461288,0.0,0.0,-0.004838319490363677,0,1,3.0,2.0,-0.5177983103886964,3.012213088597857,1,0.7818314824680298,0.6234898018587336,18,-1.0,-1.8369701987210297e-16,0.1210112238557717,1,0.25459915932968585
2025-04-16 18:30:00,1240.2,1280.2,1227.6,1274.5,15398401.0,0.023948482457197186,2.9281483628181095,0.04127108670066701,,0.4678826803133267,0.11977924517014556,1.0380029418979535,0.09304221654343586,1.1550783380127583,-0.0864848835335831,-0.02538808595243559,0.0,0.0,0.01089284297913968,16.013333333330163,0.5335276967929934,0.0,1.0,0.0007262164124909952,1,0,0.0,3.0,-0.5046600676889973,2.862870566071604,2,0.9749279121818236,-0.22252093395631434,18,-1.0,-1.8369701987210297e-16,0.09678335795167609,1,0.25462559114612554
2025-04-20 18:30:00,1270.0,1300.9,1267.0,1295.5,10429964.0,0.02374650888195797,3.104268425845233,0.026167502894635326,,4.312852957598627,0.12460435361474438,0.7159087593719292,0.14240673251823588,1.3897926654468573,-0.12338455623639971,-0.009329356886135991,0.0,0.0,0.005979189315111074,21.34999999999573,0.329411764705873,0.0,0.0,-0.003530796390741465,2,0,1.0,3.0,-0.5887143588534081,2.793905554494557,6,-0.7818314824680299,0.6234898018587334,18,-1.0,-1.8369701987210297e-16,0.0927488647574756,1,0.2641993274250812
2025-04-21 18:30:00,1300.0,1303.9,1286.3,1291.2,13051707.0,0.02309738611565627,3.163995560606219,0.013630731102850157,,6.2218008463214955,0.1281071442752975,0.9055315067011929,0.11514744277615922,1.13566427773178,-0.12362202918790251,-0.012617572837806828,0.0,0.0,-0.0020095841706599996,16.30999999999673,0.9999999999999122,0.0,0.0,0.003473562331146273,0,1,1.0,3.0,-0.5033500028200184,2.725345937771635,0,0.0,1.0,18,-1.0,-1.8369701987210297e-16,0.10231110367448655,1,0.2664724865149009
2025-04-22 18:30:00,1297.0,1306.0,1285.4,1300.0,10480888.0,0.022434257383679112,3.173088414913709,0.015846153846153767,,7.639047859508022,0.1321968325337056,0.7412865209252512,0.0953256797259506,1.0949864106046625,-0.15612940044969822,-0.005888200657643221,0.0,0.0,0.0022100015418614572,10.879999999997843,5.86666666666468,0.0,1.0,0.00449194547707555,1,0,1.0,2.0,-0.47761104801687065,2.8426111010897985,1,0.7818314824680298,0.6234898018587336,18,-1.0,-1.8369701987210297e-16,0.08822620919440148,1,0.27468691608459395
2025-04-23 18:30:00,1292.4,1304.5,1290.3,1301.6,10468940.0,0.021585463483634267,3.0886399102530087,0.010909649661954545,,8.196913744636865,0.13573703728499967,0.7712954814376224,0.11033329701039564,1.0111809979200355,-0.19489694085136866,-0.0046646784430680825,0.0,0.0,0.002155836156452073,12.479999999997522,0.5434782608695417,1.0,0.0,-0.005846153846153772,2,0,1.0,2.0,-0.44194007356004583,2.8389173849005975,2,0.9749279121818236,-0.22252093395631434,18,-1.0,-1.8369701987210297e-16,0.07645451646578226,1,0.2671348265842424
2025-04-24 18:30:00,1303.5,1325.2,1288.1,1300.4,14431012.0,0.022099975310557123,3.023417972498889,0.028529683174407957,,7.9895200529715265,0.13542339876886086,1.0866910428335963,0.04544403864936397,0.7776485941345167,-0.3277216521384743,-0.018714156353757876,0.0,0.0,-0.0031939085775607575,8.75999999999824,10.967741935480728,0.0,1.0,0.0014597418561770818,0,1,2.0,2.0,-0.37599398803236456,3.0433103305475666,3,0.43388373911755823,-0.900968867902419,18,-1.0,-1.8369701987210297e-16,0.07808786868463867,1,0.2547247773416205
2025-04-27 18:30:00,1340.0,1374.6,1320.2,1368.8,31104496.0,0.023367939729274343,3.098813807225563,0.039742840444184566,,11.736848073527083,0.15683859566690034,2.198305671472817,0.1665850047059558,1.0854658939883755,0.21853307965373664,-0.004219409282700386,1.0,0.0,0.010532532729599182,13.346666666664046,0.8888888888888563,0.0,0.0,0.030452168563518824,1,0,2.0,1.0,0.20251007692996445,3.5836808147916104,6,-0.7818314824680299,0.6234898018587334,18,-1.0,-1.8369701987210297e-16,0.00541800888638498,1,0.3307164571468003
2025-04-28 18:30:00,1371.0,1410.9,1370.0,1399.7,32538970.0,0.023368194547739796,3.176080246833524,0.029220547260127214,,15.34656487656566,0.185700098968046,2.1445995556900237,0.22998387948765572,1.4547088677810298,0.2856311205097961,-0.007938195478063674,1.0,0.0,0.004425202124096744,19.94666666666277,0.4250871080139234,0.0,0.0,0.0016072472238457365,2,0,2.0,1.0,0.012369227627176542,3.4372760686046377,0,0.0,1.0,18,-1.0,-1.8369701987210297e-16,0.02525167149274395,1,0.3735929404900866
2025-04-29 18:30:00,1402.0,1412.4,1369.0,1405.0,25480745.0,0.02382358946670708,3.18925607556575,0.030889679715302536,0.12610807431511772,17.012092195470682,0.20985001830294503,1.6234789142616635,0.2754686786944366,1.539264089953837,0.26727218547884435,-0.005239308977626795,0.0,0.0,0.006831645327728018,19.66666666666267,13.466666666662208,0.0,1.0,0.0016432092591269223,3,0,1.0,1.0,0.014325294819213703,3.4369343371577075,1,0.7818314824680298,0.6234898018587336,18,-1.0,-1.8369701987210297e-16,0.006886805632605445,1,0.37966563490773564
2025-05-01 18:30:00,1414.0,1426.7,1409.1,1422.4,17535402.0,0.022940998192662543,3.08355786714122,0.012373453318335295,0.1363046293389317,18.105149249607788,0.23439192682898627,1.1194312492688911,0.3361347796687966,1.970358513677659,0.27918697301893025,-0.003013948272236596,1.0,0.0,0.0021135691137098562,24.119999999995247,1.0952380952379583,0.0,0.0,0.006405693950177932,4,0,1.0,2.0,-0.09256486396644996,3.4467194472123626,3,0.43388373911755823,-0.900968867902419,18,-1.0,-1.8369701987210297e-16,0.0007050866439824341,1,0.37986288158447995
2025-05-04 18:30:00,1431.0,1439.5,1426.9,1431.3,12685649.0,0.022023264853138585,2.885257279930375,0.008803185914902468,0.1394965770519576,18.198377735525852,0.25516462852726934,0.8083190527783131,0.35297134613994413,2.361545834868977,0.2584247175617054,-0.005696422368878111,1.0,0.0,-0.0008841938711405249,25.599999999994925,40.9999999998694,0.0,0.0,0.006046119235095545,5,0,1.0,2.0,-0.20189160874338616,3.9272601728980483,6,-0.7818314824680299,0.6234898018587334,18,-1.0,-1.8369701987210297e-16,0.015172799025785496,1,0.3786612176961316
2025-05-05 18:30:00,1431.0,1432.0,1410.6,1420.9,14084117.0,0.02167563248624435,2.481302112316089,0.01506087690900139,0.1275605997362227,16.38688715780448,0.2683454039508142,0.8862985449570636,0.3391301586416434,2.2658961224494325,0.25248987139715906,-0.0129211531781868,0.0,0.0,-0.0001876392635158799,13.326666666663977,1.118811881188036,0.0,0.0,-0.00020959966464050467,0,1,1.0,2.0,-0.16438629468319785,3.788190884436452,0,0.0,1.0,18,-1.0,-1.8369701987210297e-16,0.023977163657248706,1,0.37012932596676196
2025-05-06 18:30:00,1420.9,1424.4,1402.7,1406.0,13440169.0,0.02144308984942897,1.8493689120894303,0.01543385490753914,0.11253893094978863,13.151988383225934,0.27496852857096155,0.830089429616316,0.2885929437044745,2.1341840063901523,0.24795653607648918,-0.023271969433831176,0.0,0.0,-0.003567125747088559,3.4999999999992544,0.45637583892613803,0.0,0.0,0.0,0,2,1.0,1.0,-0.12021524689999774,3.5911816025800922,1,0.7818314824680298,0.6234898018587336,18,-1.0,-1.8369701987210297e-16,0.02374972149113609,1,0.3534460243393774
2025-05-07 18:30:00,1404.1,1420.8,1398.0,1407.0,16106175.0,0.0210547667919516,1.4274330270820341,0.01620469083155646,0.11013974978854461,10.179228478838581,0.272165251044629,1.0003148044553931,0.31072844278653283,2.7702398767380183,0.3175827636005255,-0.02257728377908995,0.0,0.0,-0.0011358795967628392,2.626666666666208,6.862068965514613,0.0,0.0,-0.0013513513513514152,1,0,2.0,1.0,0.23992836824140376,4.152710944145998,2,0.9749279121818236,-0.22252093395631434,18,-1.0,-1.8369701987210297e-16,0.011731294429864269,1,0.3545923248211786
2025-05-08 18:30:00,1385.5,1394.8,1374.5,1377.2,13668904.0,0.021659513059187726,1.4255414795324914,0.01474005227998834,0.08406545009733128,5.537824559920502,0.25181323906209235,0.8719222615213353,0.23038261954894274,3.07588533740795,0.5055180194355601,-0.04327891629037855,0.0,0.0,-0.0035933920173640615,-7.446666666665226,1.4457831325299542,0.0,0.0,-0.015280739161336166,0,1,3.0,0.0,0.7353916788741673,3.867442282949372,3,0.43388373911755823,-0.900968867902419,18,-1.0,-1.8369701987210297e-16,0.03636239468488614,1,0.35671117042000794
2025-05-11 18:30:00,1400.0,1439.0,1400.0,1436.5,10674081.0,0.02235509213895248,1.4712436302355045,0.02714932126696831,0.1271325481198895,5.767388986482253,0.23941531766657814,0.7007347499974275,0.25896933005663814,2.9604348156337914,0.37840138570962634,-0.0020840569642236874,0.0,0.0,0.007952286282306105,-1.4799999999997222,0.06849315068492963,0.0,0.0,0.016555329654371145,1,0,4.0,0.0,0.6727777415363502,3.0769481902544054,6,-0.7818314824680299,0.6234898018587334,18,-1.0,-1.8369701987210297e-16,-0.01974551752642208,0,0.36649461938966255
2025-05-12 18:30:00,1433.5,1447.7,1412.4,1415.7,11407896.0,0.022844335873665127,1.50132211526909,0.024934661298297613,0.10755235389102381,3.913007941156849,0.21798439973006253,0.7460072171297767,0.2078598783697109,2.462367269202606,0.3898869064855305,-0.022104027077433155,0.0,0.0,-0.006712194209270733,0.8199999999998178,0.9831460674156777,0.0,0.0,-0.0020884093282283315,0,1,5.0,0.0,0.6180247236264268,2.868250908597488,0,0.0,1.0,18,-1.0,-1.8369701987210297e-16,0.007110066084284801,1,0.36343151160153864
2025-05-13 18:30:00,1420.0,1429.9,1415.5,1424.4,5570160.0,0.021805143110508705,1.4949011314557543,0.010109519797809661,0.11071169296198358,2.7233625114037068,0.2024139236236337,0.3711155474542463,0.18882670469792262,2.398358022479871,0.42582129246530737,-0.016094494715755983,0.0,0.0,0.0007962902243665549,2.4466666666661347,2.2727272727267094,1.0,0.0,0.003037366673730276,1,0,6.0,0.0,0.7983552121037583,3.3378837262509995,1,0.7818314824680298,0.6234898018587336,18,-1.0,-1.8369701987210297e-16,0.006574794254504777,1,0.38258012448424156
2025-05-14 18:30:00,1425.0,1461.4,1412.7,1454.2,20177211.0,0.022224796943135738,1.5294941756826985,0.03348920368587541,0.12954152669087518,3.353069279155619,0.19297080371757422,1.3145475762299565,0.2557062612194417,2.4753250932566897,0.4514814388514594,-0.004926782537293034,1.0,0.0,0.007924589330684139,6.833333333331936,0.6678082191780583,0.0,1.0,0.000421229991575336,2,0,6.0,1.0,0.7657669128584603,3.2348326236502816,2,0.9749279121818236,-0.22252093395631434,18,-1.0,-1.8369701987210297e-16,-0.023021268837305965,0,0.3791468256785273
2025-05-15 18:30:00,1453.2,1461.0,1447.3,1456.4,9036695.0,0.021278048431121938,1.4552909840033064,0.009406756385608374,0.12688610666421124,3.321090643776799,0.17784166968598658,0.5872338791825166,0.24510200807142474,2.8431188677910595,0.44674265737910573,-0.00342137676200903,0.0,0.0,0.0010309986940681636,14.546666666663805,3.281249999998928,1.0,0.0,-0.0006876633200385087,3,0,6.0,2.0,0.756837141696712,3.248268504646928,3,0.43388373911755823,-0.900968867902419,18,-1.0,-1.8369701987210297e-16,-0.031023307529516205,0,0.37657658752339873
2025-05-18 18:30:00,1452.1,1454.6,1438.2,1440.8,6195791.0,0.020874392527768203,1.4653060216369311,0.01138256524153238,0.11067856385746494,1.7325329362819843,0.16576146678073883,0.4150324769849159,0.1980884199423814,2.4604818038322755,0.4950903577819042,-0.014096072259477297,0.0,0.0,-0.00258445634114856,3.8733333333326283,0.45132743362827243,0.0,0.0,-0.0029524855808844954,0,1,0.0,3.0,0.9761166756065391,3.7168652956018327,6,-0.7818314824680299,0.6234898018587334,18,-1.0,-1.8369701987210297e-16,-0.016792140440829155,0,0.39949998423619537
2025-05-19 18:30:00,1438.2,1445.0,1421.8,1424.6,11270560.0,0.020767018401260984,1.4949279098184551,0.016285273059104332,0.09391749315821638,-0.790622948981266,0.1541541993122969,0.7528523604162175,0.14523861941740693,2.0692884591594094,0.534308456820035,-0.025181332968386587,0.0,0.0,-0.004101225707228334,1.0399999999997556,0.7058823529411108,0.0,0.0,-0.0018045530260965487,0,2,1.0,3.0,1.115960005317836,3.8811574194055067,0,0.0,1.0,18,-1.0,-1.8369701987210297e-16,-0.003300598900223652,0,0.3974631639483011
2025-05-20 18:30:00,1423.9,1436.2,1418.1,1429.2,6136364.0,0.020126195843212652,1.5509575458975924,0.01266442765183328,0.09296303717083784,-2.43808946803653,0.1381866332277984,0.41958872863216357,0.1732003995644376,2.461533654895843,0.5191014762532074,-0.022033666347338186,0.0,0.0,0.0009571611999533936,0.9133333333331385,2.415094339622241,0.0,0.0,-0.000491365997472847,1,0,2.0,3.0,1.0825524557294497,3.8781700918762,1,0.7818314824680298,0.6234898018587336,18,-1.0,-1.8369701987210297e-16,-0.01160446627626787,0,0.4167377179781038
2025-05-21 18:30:00,1421.2,1423.8,1396.9,1409.4,12134466.0,0.02058812606623658,1.5594705307783745,0.019086135944373382,0.0739807698462412,-5.001922038115204,0.11987878664317554,0.8250590945260264,0.1544377302357094,2.0439711251595796,0.5293253757355426,-0.03558231832489391,0.0,0.0,-0.00044916195834621326,-6.546666666665315,1.2796610169490412,0.0,0.0,-0.0055975370836831755,0,1,2.0,1.0,1.1137401013672439,3.785102902297293,2,0.9749279121818236,-0.22252093395631434,18,-1.0,-1.8369701987210297e-16,-0.003470970546335625,0,0.41307811523561666
2025-05-22 18:30:00,1406.6,1433.8,1406.6,1426.8,6474883.0,0.020246093326264567,1.496232587015555,0.019063638912251213,0.08365270252411787,-5.620297270032239,0.09714332140288728,0.44630704164681023,0.1460496312082317,2.0026388627518896,0.4870852563774889,-0.023675927193102582,0.0,0.0,0.003093363329583864,-6.499999999998791,0.34653465346532863,0.0,0.0,-0.001986660990492536,1,0,2.0,1.0,1.0137389499956706,3.596858681665364,3,0.43388373911755823,-0.900968867902419,18,-1.0,-1.8369701987210297e-16,-0.00301554676664417,0,0.42363073845018895
2025-05-25 18:30:00,1432.0,1441.0,1425.1,1434.8,4842944.0,0.01948666999148143,1.5622659885469576,0.01108168385837753,0.0866749775439689,-5.573957526225904,0.06236242284741955,0.345227116482865,0.1721704009032704,2.41312874472018,0.46757417055019496,-0.018201724373888135,0.0,0.0,0.0008137831616638902,-2.1799999999996733,4.6785714285698825,0.0,0.0,0.0036445192038127576,2,0,1.0,1.0,0.968520586384792,3.5594818613574772,6,-0.7818314824680299,0.6234898018587334,18,-1.0,-1.8369701987210297e-16,0.00458292623098,1,0.42363073845018895
2025-05-26 18:30:00,1426.1,1437.0,1413.9,1422.1,12640414.0,0.019416615435377666,1.687366712415594,0.016243583432951195,0.07406769624903302,-6.421737983575753,0.05239835090739507,0.9645430774103336,0.07694313448526349,1.7635511688311032,0.24534760298560881,-0.0268920213493911,0.0,0.0,-0.001567985022232633,-1.226666666666397,4.7749999999987836,0.0,0.0,-0.006063562865904684,0,1,1.0,1.0,0.8110286154597961,3.560906686166084,0,0.0,1.0,18,-1.0,-1.8369701987210297e-16,0.014236067724339281,1,0.4232952053918173
2025-05-27 18:30:00,1420.1,1422.6,1410.7,1412.9,5944611.0,0.018748713109736678,1.839225728858626,0.008422393658432907,0.06445653877216455,-7.547495345348466,0.05064190744878377,0.5048346773309561,0.007227798115318548,1.3366843466049485,0.07842970338851732,-0.03318735459148759,0.0,0.0,-0.0017662851490746257,-2.4866666666660904,0.65277777777771,0.0,0.0,-0.00140637085999578,0,2,2.0,1.0,1.077248216959812,4.4461825309542915,1,0.7818314824680298,0.6234898018587336,18,-1.0,-1.8369701987210297e-16,0.024391297797441452,1,0.37472829286423937
2025-05-28 18:30:00,1412.1,1420.0,1408.6,1417.8,13771917.0,0.017923681447398913,1.9766948697091355,0.008040626322471494,0.06556717890751175,-7.871437855953175,0.04936358289552513,1.2307430657382377,-0.029637474588775588,1.2205102729195199,0.06418519098516888,-0.029834405364718836,0.0,0.0,0.0016484551620196994,1.0866666666663705,0.9999999999998246,0.0,0.0,-0.0005662113383821794,1,0,2.0,1.0,1.0812391822987297,4.455382809583874,2,0.9749279121818236,-0.22252093395631434,18,-1.0,-1.8369701987210297e-16,0.013794529570685386,1,0.3261334220476782
2025-05-29 18:30:00,1418.0,1430.6,1409.7,1420.9,13788484.0,0.017657749224816673,2.1331202322936873,0.014708987261594657,0.06512725830741543,-7.772767945655293,0.049389319851837185,1.2532052327698155,-0.06639438074396456,1.1833336462045951,0.003612653295373347,-0.027713151772273143,0.0,0.0,0.0003520135173187445,-0.3999999999997836,6.206896551721725,0.0,0.0,0.0001410636196925133,2,0,2.0,1.0,1.2196052364332681,4.931345519669875,3,0.43388373911755823,-0.900968867902419,18,-1.0,-1.8369701987210297e-16,0.01881417418264706,1,0.3167927850512215
2025-06-01 18:30:00,1412.1,1417.5,1395.6,1413.7,8098668.0,0.017758296181047017,2.2871656810204306,0.01549126405885271,0.05695931861749685,-8.053991423945131,0.04949465396359459,0.7517403214107047,-0.02550851870441204,0.9788155450790754,0.004861658923497505,-0.03263993430956618,0.0,0.0,0.0033831740323648964,-4.939999999998975,12.68749999999096,0.0,0.0,-0.0061932577943558135,0,1,1.0,1.0,1.34455358035075,5.191918638502197,6,-0.7818314824680299,0.6234898018587334,18,-1.0,-1.8369701987210297e-16,0.01884322698108647,1,0.3245097120092067
2025-06-02 18:30:00,1422.3,1426.5,1403.4,1405.5,11252626.0,0.017760011335310265,2.4348319712515814,0.01643543223052287,0.048215684080993436,-8.60404350721991,0.0506714184322001,1.0584081487362977,-0.06667057404072739,1.0049485024648503,0.02300812192526994,-0.03825099219926102,0.0,0.0,-0.0044623884402889575,-2.5066666666661592,0.374999999999976,0.0,0.0,0.006083327438636135,0,2,1.0,1.0,1.340780450973343,5.209183416733755,0,0.0,1.0,18,-1.0,-1.8369701987210297e-16,0.015111722089663146,1,0.3233336683201749
2025-06-03 18:30:00,1414.7,1425.7,1406.1,1423.5,8126827.0,0.017296504948222265,2.5906353587574387,0.013768879522304267,0.058854770648411686,-7.6021243653055635,0.04955273793159404,0.7839899345395951,0.007131245396243739,1.2385365092354998,0.02389975031445115,-0.02593403585602851,0.0,0.0,0.003572016074072288,0.6066666666664938,1.2272727272726147,1.0,0.0,0.0065457132692992095,1,0,1.0,1.0,1.1262851351925902,4.68946409012103,1,0.7818314824680298,0.6234898018587336,18,-1.0,-1.8369701987210297e-16,0.009295539831678837,1,0.32902493076415096
2025-06-04 18:30:00,1428.0,1454.7,1423.6,1442.4,13716817.0,0.017395633880007883,2.69194940830585,0.02156128674431511,0.07015510720099252,-5.6052193065177285,0.04982991096727164,1.3386810762735406,0.03774980721563332,1.2127373897595715,0.06423109261744554,-0.013001231695634314,0.0,0.0,0.0015043858634016573,4.953333333332431,1.1597222222221375,0.0,0.0,0.003161222339304529,2,0,1.0,1.0,0.967048369534469,4.197302620102803,2,0.9749279121818236,-0.22252093395631434,18,-1.0,-1.8369701987210297e-16,-0.008495139694598104,0,0.3220130972455502
2025-06-05 18:30:00,1441.0,1451.5,1437.0,1443.5,8182161.0,0.016858281459290605,2.8124304720569717,0.01004502944232767,0.06832151037792752,-4.212536401360211,0.04011101859557512,0.8204988261943317,0.08484851100747885,1.526360062783938,0.15552179626984328,-0.01224852880799239,0.0,0.0,-0.00034626038781163413,4.719999999998946,4.79999999999808,1.0,0.0,-0.0009706045479756586,3,0,2.0,1.0,1.1953202899945459,4.711171594668784,3,0.43388373911755823,-0.900968867902419,18,-1.0,-1.8369701987210297e-16,-0.010026348224100127,0,0.32514720276652537
2025-06-08 18:30:00,1457.0,1457.5,1445.3,1448.8,7885125.0,0.016287078997609738,2.816196309815918,0.008420762009939287,0.0699207381330592,-2.9939395649563956,0.04190017061377584,0.8019262400242618,0.021642046476531774,1.4910322412688364,0.16285095193429422,-0.00862186944026285,0.0,0.0,-0.0011949627723137981,8.319999999998362,0.4878048780487183,0.0,0.0,0.009352268791132658,4,0,2.0,1.0,0.19191293540345108,2.2107422632864453,6,-0.7818314824680299,0.6234898018587334,18,-1.0,-1.8369701987210297e-16,-0.011456149640033594,0,0.3308153931612535
2025-06-09 18:30:00,1450.0,1453.9,1436.0,1438.5,7913181.0,0.01612082827710318,2.759461477640413,0.012443517553006659,0.05991836012909112,-2.937069125315194,0.04145177059033821,0.8193399142539441,0.040526982630784074,1.5600940152444953,0.22788128806255725,-0.01566990557000142,0.0,0.0,-0.0029803160521208426,6.19999999999876,0.5565217391303943,0.0,0.0,0.0008282716731088105,0,1,2.0,1.0,0.29083079885049523,2.290270242243565,0,0.0,1.0,18,-1.0,-1.8369701987210297e-16,0.01837311579788356,1,0.3361976414135982
2025-06-10 18:30:00,1445.8,1468.6,1443.1,1448.9,8195700.0,0.016345777052343545,2.7101165218233865,0.017599558285595958,0.06482192582183977,-2.283607711533982,0.04297544093662267,0.8372123882855541,0.01044792399267775,1.5948922785837998,0.25145683713085565,-0.013414135911752558,0.0,0.0,-0.0031876347291657815,7.019999999998623,7.22580645161021,0.0,0.0,0.0050747306221758425,1,0,2.0,1.0,0.2771962740605424,2.2558496387293365,1,0.7818314824680298,0.6234898018587336,18,-1.0,-1.8369701987210297e-16,0.0047376015867215794,1,0.3247799536479079
2025-06-11 18:30:00,1453.5,1457.0,1434.4,1441.6,8828114.0,0.016374868837443875,2.4727741574677484,0.015677025527191937,0.05691861594689009,-2.4148380058257715,0.04083066430643674,0.9573073958285055,-0.08332752129000477,1.1884169628169752,-0.10135712836277351,-0.018384856325752406,0.0,0.0,-0.0018924532656358275,0.8199999999997724,0.8991596638654485,0.0,0.0,0.0031748222789701884,0,1,2.0,1.0,0.13176145512656473,1.9375021467776252,2,0.9749279121818236,-0.22252093395631434,18,-1.0,-1.8369701987210297e-16,0.005661520554673905,1,0.2695668220461833
2025-06-12 18:30:00,1424.0,1435.5,1414.3,1427.9,9757276.0,0.01671676397450642,2.2830556056332596,0.01484697807969748,0.044534063485491514,-3.433947696004793,0.03701972052124742,1.0539466227591192,-0.08411993044465184,0.9690066136260346,-0.10747775447652108,-0.027713468609559987,0.0,0.0,0.0014026229048318753,-3.6199999999992123,4.435897435896183,0.0,0.0,-0.01220865704772468,0,2,2.0,2.0,0.25475654561530475,1.8510086496196811,3,0.43388373911755823,-0.900968867902419,18,-1.0,-1.8369701987210297e-16,0.026519143777171565,1,0.26881922485800236
2025-06-15 18:30:00,1426.9,1442.4,1424.4,1437.8,8458093.0,0.016310050803289268,2.1442522007702487,0.012519126443177068,0.04893395830673549,-3.4422160489731155,0.03666425266143501,0.9025853915706227,-0.03846482753681765,1.1336453805352,-0.19965047964133514,-0.020972354623450862,0.0,0.0,0.002044324675927959,-3.133333333332722,0.6513761467889517,0.0,0.0,-0.0007003291547027098,1,0,1.0,2.0,0.07420637123702063,1.8273481117078634,6,-0.7818314824680299,0.6234898018587334,18,-1.0,-1.8369701987210297e-16,0.038512688040026874,1,0.25906594608582006
2025-06-16 18:30:00,1448.0,1448.0,1425.8,1431.2,10366599.0,0.01632285013498169,2.000065387284552,0.015511458915595326,0.04138319438037262,-3.8616211406307066,0.03659669605121642,1.1116086098473332,-0.021351372856354692,1.1454330374584372,-0.16928108564238123,-0.025466430614190277,0.0,0.0,-0.0026480836236933464,-1.559999999999679,0.32142857142855863,0.0,0.0,0.007094171651133704,0,1,1.0,2.0,0.09317203115693372,1.9305595016826504,0,0.0,1.0,18,-1.0,-1.8369701987210297e-16,0.056466177302763536,1,0.2580730727449054
2025-06-17 18:30:00,1430.0,1442.8,1425.7,1430.1,6681735.0,0.01602267675943816,1.9086504604049477,0.011957205789804838,0.03784306297597737,-4.156934300415255,0.03660332758442341,0.7143923985591388,-0.04605748942095934,0.9981334831055968,-0.14198103907452309,-0.02621544327931362,0.0,0.0,-0.001930861210626704,-4.133333333332567,169.9999999984546,0.0,0.0,-0.0008384572386808585,0,2,1.0,1.0,0.16816080524519947,1.9707474084389398,1,0.7818314824680298,0.6234898018587336,18,-1.0,-1.8369701987210297e-16,0.04742065623273872,1,0.25486029055720516
2025-06-18 18:30:00,1430.1,1439.9,1425.7,1433.3,10007230.0,0.015552640282551891,1.7721601221940018,0.00990720714435222,0.0367255299357841,-4.075097788996185,0.034309048268972984,1.08225228427498,-0.03814198816734994,1.269588706995688,-0.04502247456859917,-0.0240364973444096,0.0,0.0,0.00023261764637444224,-2.273333333332812,3.437499999998877,1.0,0.0,0.0,1,0,2.0,1.0,0.26113261501861756,1.8996496815874164,2,0.9749279121818236,-0.22252093395631434,18,-1.0,-1.8369701987210297e-16,0.06354195864357509,1,0.25123570828473746
2025-06-19 18:30:00,1431.0,1471.0,1428.1,1466.2,29010635.0,0.016207630566905763,1.495363085279502,0.029259309780384712,0.0559322912765675,-1.8564885878739545,0.04089807912862691,2.796621475644209,0.05939578899787324,1.5461579306189455,0.5351477720557174,-0.0032630863358259357,0.0,0.0,0.0076283416947286594,5.839999999998841,0.21874999999999478,0.0,0.0,-0.0016046884811274354,2,0,3.0,0.0,0.7838989997354648,3.150844911599148,3,0.43388373911755823,-0.900968867902419,18,-1.0,-1.8369701987210297e-16,0.03454652956816092,1,0.39849406644514884
2025-06-22 18:30:00,1453.0,1463.8,1442.0,1456.8,5989078.0,0.016333606102591002,1.2631850796721282,0.014964305326743508,0.0450292246640671,-1.1101506878790026,0.04367890089416349,0.5741744022014187,0.06423123862314938,1.3849297003753256,0.6060059941528968,-0.009653297076818515,0.0,0.0,0.00178792463210006,3.866666666665878,4.736842105261968,1.0,0.0,-0.009002864547810692,0,1,3.0,1.0,0.9232959929586306,3.2613996137719354,6,-0.7818314824680299,0.6234898018587334,18,-1.0,-1.8369701987210297e-16,0.040319668556414175,1,0.39283822578763783
2025-06-23 18:30:00,1465.0,1475.0,1443.1,1450.8,16402744.0,0.016800207068676864,0.9974782560671065,0.02198786876206236,0.03677670210964171,-1.1062178678199341,0.04431946584304094,1.5446772520349494,0.040407778509270624,1.3278180263827886,0.5926311047389963,-0.01640677966101697,0.0,0.0,-0.003776694362425322,4.259999999999139,1.2464788732393481,0.0,0.0,0.0056287753981329215,0,2,3.0,1.0,0.9835418161424652,3.4053502676569374,0,0.0,1.0,18,-1.0,-1.8369701987210297e-16,0.050686342167652686,1,0.3969474345684256
2025-06-24 18:30:00,1464.0,1472.4,1460.5,1467.3,7525851.0,0.016476259864964475,0.8323004072918301,0.008110134260205877,0.044859232758718615,-0.12939760383167176,0.046261989273087153,0.7034857976739743,0.06264490729622253,1.5086036853010036,0.5088726434043719,-0.005220338983050875,0.0,0.0,0.0003863460751783594,6.773333333332003,2.6060606060598936,1.0,0.0,0.009098428453267188,1,0,2.0,1.0,0.7566688585124649,2.9253121190147855,1,0.7818314824680298,0.6234898018587336,18,-1.0,-1.8369701987210297e-16,0.048631991112783914,1,0.3905151552778711
2025-06-25 18:30:00,1469.1,1498.8,1465.1,1495.3,14657893.0,0.016622703962807794,0.792160881046401,0.02253728348826324,0.06094189901008083,2.140201186909307,0.05670148534121919,1.3645096810029465,0.07707990463653787,1.5189914890512222,0.5293939205761296,-0.002335201494528955,1.0,0.0,0.0059876210979548485,10.68666666666445,0.2862595419847214,0.0,0.0,0.0012267429973420252,2,0,2.0,1.0,0.6512626866644295,2.386106777199389,2,0.9749279121818236,-0.22252093395631434,18,-1.0,-1.8369701987210297e-16,0.027195903626229926,1,0.39118416937378875
2025-06-26 18:30:00,1499.4,1522.0,1496.9,1515.4,11117052.0,0.01648914384050531,0.7850999434097712,0.016563283621486007,0.0710070462849752,4.592074898409212,0.07117474361649498,1.047921345278877,0.09822743641183103,1.4876697474373937,0.5250937149758766,-0.004336399474375759,1.0,0.0,0.002624440376684402,11.266666666664353,0.5687499999999588,0.0,0.0,0.0027419246973852296,3,0,2.0,1.0,0.4870106305322917,2.0469382559610754,3,0.43388373911755823,-0.900968867902419,18,-1.0,-1.8369701987210297e-16,0.001672793098499853,1,0.392147584440441
2025-06-29 18:30:00,1513.8,1524.8,1496.0,1500.6,8409527.0,0.01683323963208634,0.7972415512665834,0.01919232307077165,0.057168541098959386,4.791960992691546,0.07526923270104774,0.7915435093113531,0.04626191041614883,1.4822672851026766,0.5196783339350436,-0.01587093389296959,0.0,0.0,-0.004334940505153249,10.586666666664517,1.1818181818180813,0.0,1.0,-0.0010558268443976082,0,1,2.0,1.0,0.4283521494617612,2.012183997046696,6,-0.7818314824680299,0.6234898018587334,18,-1.0,-1.8369701987210297e-16,0.010301502703115665,1,0.39118967464170135
2025-06-30 18:30:00,1500.6,1531.4,1500.1,1528.4,10368523.0,0.016809337126351274,0.8575412473445774,0.020478932216697304,0.07323170260724252,6.277577147609829,0.08334040100626162,0.9800108800484324,0.1295725322821424,1.8460676561415954,0.5051213433026974,-0.001958991772234555,1.0,0.0,0.005548367288756519,12.733333333330757,0.12589928057553423,0.0,0.0,0.0,1,0,3.0,0.0,0.24068120518571134,1.806924959578385,0,0.0,1.0,18,-1.0,-1.8369701987210297e-16,-0.02266145943139188,0,0.3924196711770872
2025-07-01 18:30:00,1528.4,1530.0,1508.7,1518.8,6361002.0,0.01670905984192872,0.89988956509747,0.014024229654990745,0.0630925999291644,6.090097047175842,0.0884817112945749,0.6062880004538437,0.0990620952333988,1.5998794487710306,0.5604635418814422,-0.00822776544338522,0.0,0.0,-0.00024136039495345322,10.486666666664581,1.2187499999998368,1.0,0.0,0.0,0,1,3.0,1.0,0.43471792201999576,1.9181578595365805,1,0.7818314824680298,0.6234898018587336,18,-1.0,-1.8369701987210297e-16,-0.02408158140089928,0,0.3989807297952613
2025-07-02 18:30:00,1520.8,1531.9,1513.0,1517.8,11283291.0,0.016415223215131745,0.8903020173943059,0.012452233495849308,0.05916324847280363,5.39873198957002,0.0937911420082122,1.0880662423642415,0.059631756241066494,1.2545392726217266,0.5417798070658432,-0.009204256152490455,0.0,0.0,-0.002038266815701169,6.89999999999862,5.299999999998263,0.0,0.0,0.0013168290755859883,0,2,3.0,1.0,0.6245853042897997,2.2064178377861237,2,0.9749279121818236,-0.22252093395631434,18,-1.0,-1.8369701987210297e-16,-0.022277821734616295,0,0.3994904150426
2025-07-03 18:30:00,1524.0,1530.0,1517.2,1527.3,6603501.0,0.015746524461797685,0.8881958450983628,0.008380802723760851,0.06244591424747413,5.0855647692589585,0.09973421572093681,0.6416705879323484,0.08274985957546453,1.2373785345893293,0.5176774693198279,-0.0030028069717345346,0.0,0.0,0.001617663132582815,2.6799999999994366,2.8787878787870462,1.0,0.0,0.004084859665305075,1,0,1.0,1.0,0.5388349307204611,2.121301838715199,3,0.43388373911755823,-0.900968867902419,18,-1.0,-1.8369701987210297e-16,-0.028382739537904052,0,0.4051097761271039
2025-07-06 18:30:00,1526.6,1544.8,1525.0,1541.5,7251074.0,0.015404553474655802,0.8847121595947797,0.012844631852092081,0.06873901968587455,5.314213358757801,0.1076451834899882,0.7067733494621441,0.12294414937862808,1.230486117532978,0.49314328980850203,-0.0021361988606939104,1.0,0.0,0.002862533342007586,5.9933333333321865,0.32885906040265134,0.0,0.0,-0.0004583251489557029,2,0,1.0,1.0,0.45130499701358767,1.989505445909154,6,-0.7818314824680299,0.6234898018587334,18,-1.0,-1.8369701987210297e-16,-0.04384927617036149,0,0.4072772778538109
2025-07-07 18:30:00,1536.0,1544.9,1530.2,1537.6,7171261.0,0.015152065741894134,0.889619802865686,0.009560353798126975,0.06354575197305155,4.703263581944157,0.11140222968895919,0.7015304502218161,0.1515227908877558,1.2404906762996817,0.4942582713811308,-0.0047252249336527784,0.0,0.0,2.167927677915903e-05,3.5199999999993685,8.187499999995433,0.0,0.0,-0.0035679532922478084,0,1,2.0,1.0,0.456674300445575,2.0464865375184433,0,0.0,1.0,18,-1.0,-1.8369701987210297e-16,-0.04158703305561016,0,0.40981551278575035
2025-07-08 18:30:00,1536.7,1551.0,1510.1,1519.0,8870660.0,0.016044370429054242,0.887451697009312,0.026925608953258767,0.048949117335904006,2.6492574645009874,0.11197396498941248,0.8649191441941048,0.1483788380490339,1.0487265510280546,0.4987599773806215,-0.020631850419084448,0.0,0.0,-0.005043558000917037,1.5066666666663593,1.3107344632767615,0.0,1.0,-0.0005853277835587039,0,2,3.0,0.0,0.4968519240078004,2.061810568594346,1,0.7818314824680298,0.6234898018587336,18,-1.0,-1.8369701987210297e-16,-0.06205727987490086,0,0.4079490470457926
2025-07-09 18:30:00,1519.7,1524.7,1507.5,1517.2,10047129.0,0.015725781649586372,0.8818560245053312,0.011336672818349615,0.04608510990374811,0.8645445426445413,0.11046275921487729,0.9738413784454188,0.16925380005441257,1.0361114968850202,0.4951058692092095,-0.02179239200515792,0.0,0.0,0.00048358025234112776,-0.8866666666665014,5.879999999997666,0.0,0.0,0.00046082949308758726,0,3,3.0,1.0,0.47297362941189774,2.098017822770975,2,0.9749279121818236,-0.22252093395631434,18,-1.0,-1.8369701987210297e-16,-0.07199297996504836,0,0.4052862347347869
2025-07-10 18:30:00,1512.0,1515.0,1490.3,1495.2,7234991.0,0.01610243383320826,0.8800980429966472,0.01651952915997862,0.02988257465133322,-1.9489103018413836,0.10397534558137088,0.709946682839668,0.1363861487116962,1.0625577722329724,0.5169924044452628,-0.03597678916827848,0.0,0.0,-0.003310743250749935,-4.933333333332317,0.47023809523807397,0.0,0.0,-0.003427366200896416,0,4,3.0,2.0,0.35377020476407284,2.1315959752812628,3,0.43388373911755823,-0.900968867902419,18,-1.0,-1.8369701987210297e-16,-0.04906890459709979,0,0.41233345104167546
2025-07-13 18:30:00,1492.2,1500.0,1479.1,1483.7,10311846.0,0.01607432518493192,0.868555227295626,0.014086405607602668,0.02122428527377648,-4.585147270539373,0.09870708385783503,1.002748546418329,0.08698432057724488,0.8846502354722099,0.5181913177119629,-0.043391360412636956,0.0,0.0,-0.0026216724926055985,-9.89999999999802,1.4588235294116039,0.0,0.0,-0.002006420545746387,0,5,1.0,2.0,0.49873215682184796,2.150775195965919,6,-0.7818314824680299,0.6234898018587334,18,-1.0,-1.8369701987210297e-16,-0.056697445232021325,0,0.4082486102071049
2025-07-14 18:30:00,1486.2,1496.5,1482.4,1485.4,8132454.0,0.015587104560555372,0.8795656857223592,0.009492392621516021,0.021487407798623855,-6.119267969397466,0.09103928946278833,0.7995040166566754,0.09114230069206915,1.0598496724450095,0.5225483930888627,-0.04229529335912306,0.0,0.0,-0.0018143941939386087,-9.893333333331361,16.62499999998011,1.0,0.0,0.0016849767473208859,1,0,2.0,2.0,0.44024245813126595,2.170062774937532,0,0.0,1.0,18,-1.0,-1.8369701987210297e-16,-0.0658580748093884,0,0.4133633797778368
2025-07-15 18:30:00,1473.0,1491.0,1471.5,1485.6,10409983.0,0.015409363532061907,0.881170229987952,0.013126009693053305,0.02050769845838493,-6.9639618460352715,0.08170695606542434,1.004990859371163,0.12757609865437486,1.249807613424838,0.5203735799554592,-0.0421663442940039,0.0,0.0,0.0019558912794225814,-8.79999999999824,0.5476190476190154,0.0,0.0,-0.00834791975225534,2,0,3.0,0.0,0.4290726393727374,2.170245880242622,1,0.7818314824680298,0.6234898018587336,18,-1.0,-1.8369701987210297e-16,-0.06894309494290142,0,0.4030540882230537
2025-07-16 18:30:00,1487.4,1489.6,1473.9,1476.4,11854613.0,0.015157427140438372,0.8718043335456842,0.01063397453264685,0.013221845073960297,-7.916269860293106,0.0724969164848998,1.1343415839737667,0.0844224656090102,1.0109762011370405,0.5016369791509983,-0.048098001289490565,0.0,0.0,-0.0024099641883824257,-7.29999999999854,0.4272727272726719,1.0,0.0,0.0012116316639742737,0,1,3.0,1.0,0.5084922642706445,2.1407767383734178,2,0.9749279121818236,-0.22252093395631434,18,-1.0,-1.8369701987210297e-16,-0.04169416232501889,0,0.4007554541230756
2025-07-17 18:30:00,1484.8,1484.8,1469.1,1476.0,10296318.0,0.015152065741894134,1.0029729359663504,0.01063685636856371,0.011575549478791929,-8.306468549553184,0.07101789698197991,1.0821212206229938,-0.0321567673612631,0.6658906846617852,0.2391141230076691,-0.048355899419729176,0.0,0.0,-0.00042890358698833723,-4.706666666665765,0.7840909090908343,0.0,0.0,0.005689515036575357,0,2,3.0,2.0,0.5240261137937936,2.3223803570057306,3,0.43388373911755823,-0.900968867902419,18,-1.0,-1.8369701987210297e-16,-0.04637510231723348,0,0.25279160450144145
2025-07-20 18:30:00,1465.0,1476.0,1423.1,1428.6,22442744.0,0.016880569166095982,1.001401464468956,0.03702925941481175,-0.020803974359677253,-11.304391221088279,0.07903242846297555,2.170977247443304,-0.12593942674975048,0.5820536068228084,-0.34611992114533324,-0.07891682785299808,0.0,1.0,-0.009681817131501737,-9.006666666664904,0.4532967032966897,0.0,0.0,-0.007452574525745253,0,3,1.0,2.0,-0.4744343019196275,3.6892989058258556,6,-0.7818314824680299,0.6234898018587334,18,-1.0,-1.8369701987210297e-16,-0.02794732205448646,0,0.3174585953966972
2025-07-21 18:30:00,1427.4,1431.9,1410.7,1412.8,20396320.0,0.016921946005849647,0.9990526729375048,0.015005662514156309,-0.03159516729796683,-13.73722553355601,0.0902107967202073,1.93563026640696,-0.16090289872877067,0.5647943221614791,-0.38935137895961014,-0.089103803997421,0.0,1.0,-0.003994924096442378,-13.926666666663857,0.4520547945205065,0.0,0.0,-0.0008399832003358655,0,4,2.0,2.0,-0.39411850468956794,3.4355498067232024,0,0.0,1.0,18,-1.0,-1.8369701987210297e-16,-0.014311469724231638,0,0.34045850030327895
2025-07-22 18:30:00,1426.0,1426.0,1414.4,1424.6,8354596.0,0.0162449223401976,1.017831195023886,0.008142636529552086,-0.02350952568308422,-13.895662778299775,0.09876561137168124,0.789753493207021,-0.13539799057432012,0.5709477735553647,-0.37901810434336936,-0.08149580915538364,0.0,0.0,0.002063305978897888,-12.20666666666422,7.285714285708478,1.0,0.0,0.009343148357870921,1,0,2.0,1.0,-0.40398335619869913,3.5373885262074594,1,0.7818314824680298,0.6234898018587336,18,-1.0,-1.8369701987210297e-16,-0.00993810385070932,0,0.3375214919435922
2025-07-23 18:30:00,1419.2,1423.0,1396.0,1402.9,14740507.0,0.01677406559656993,1.0008730956663359,0.019245847886520763,-0.03770701405884723,-14.726467172829333,0.11325605629168474,1.3928648426320966,-0.2242609919549403,0.41652453450925103,-0.5499204355496566,-0.09548678272082516,0.0,1.0,-0.003126554394940568,-14.533333333330397,0.6564417177913755,0.0,0.0,-0.0037905376947914224,0,1,2.0,2.0,-0.40324929092884226,3.5604611412503178,2,0.9749279121818236,-0.22252093395631434,18,-1.0,-1.8369701987210297e-16,-0.008715501298918986,0,0.3376938090980446
2025-07-24 18:30:00,1398.9,1401.0,1384.1,1391.7,11854722.0,0.016666172724548785,0.9798605445489912,0.012143421714450011,-0.0445413839835559,-15.231496064097634,0.12675591838157194,1.116289793968939,-0.25391182459814954,0.316975060432672,-0.5971342704365996,-0.10270793036750475,0.0,1.0,-0.00040701015131196537,-16.87333333332994,1.347222222222033,0.0,0.0,-0.0028512367239290023,0,2,0.0,3.0,-0.3688453622999156,3.97286072387548,3,0.43388373911755823,-0.900968867902419,18,-1.0,-1.8369701987210297e-16,9.008802817158789e-05,1,0.337240539474132
2025-07-27 18:30:00,1392.3,1407.8,1385.0,1387.6,7748361.0,0.01669511919603267,0.9290907243213528,0.016431248198328006,-0.046659805402077856,-15.018039658590698,0.13921860888554083,0.7318961343818091,-0.2559233990384847,0.31827988715662076,-0.6163881033566757,-0.10535138620245003,0.0,0.0,-0.0042101234331642125,-9.819999999998062,3.851063829786358,0.0,0.0,0.00043112739814608653,0,3,1.0,3.0,-0.4668336696114275,4.1364520257975865,6,-0.7818314824680299,0.6234898018587334,18,-1.0,-1.8369701987210297e-16,0.0005963631631860493,1,0.33951885709533364
2025-07-28 18:30:00,1383.0,1420.2,1383.0,1417.1,10750072.0,0.017054947032339392,0.8144368117524095,0.02625079387481478,-0.026291704343380982,-12.18693767144238,0.14047692881742266,1.0136057749118645,-0.2527407267713015,0.32065545565163733,-0.58987344313555,-0.08633139909735656,0.0,0.0,0.007345449375636907,-2.339999999999632,0.09090909090909248,0.0,1.0,-0.003315076390890679,1,0,2.0,3.0,-0.29150999054904303,4.228447556183388,0,0.0,1.0,18,-1.0,-1.8369701987210297e-16,-0.03610892016682907,0,0.3389892346216237
2025-07-29 18:30:00,1418.1,1423.3,1401.3,1410.1,7209849.0,0.017029762363047502,0.7124072725557583,0.01560173037373235,-0.030847117009007545,-10.165125423511391,0.14254942820287148,0.677094637067138,-0.25696175900706275,0.3189696943587163,-0.6036838603333223,-0.09084461637653128,0.0,0.0,-0.001039034642359574,-2.0199999999996234,1.7499999999997813,0.0,0.0,0.0007056665020111491,0,1,2.0,1.0,-0.31054761519896096,4.254055554140942,1,0.7818314824680298,0.6234898018587336,18,-1.0,-1.8369701987210297e-16,-0.017794433359300067,0,0.33513986302767984
2025-07-30 18:30:00,1388.1,1402.6,1382.2,1390.2,17065827.0,0.017473214686773358,0.6626464607483575,0.014674147604661092,-0.04427202567307247,-9.55662653071119,0.1465503592641466,1.5603268084874813,-0.24161469511065978,0.3079412504092495,-0.6288089419665622,-0.10367504835589933,0.0,0.0,-0.0010538922155688833,-3.1266666666660172,8.714285714280868,0.0,0.0,-0.01560173037373235,0,2,2.0,1.0,-0.1529752624850069,3.9210097652511062,2,0.9749279121818236,-0.22252093395631434,18,-1.0,-1.8369701987210297e-16,-0.007774309442537154,0,0.34302676928142406
2025-07-31 18:30:00,1386.9,1405.9,1384.3,1393.7,10321171.0,0.017291404163028542,0.664712090104501,0.015498313840855364,-0.04142960900617363,-8.350748767631243,0.14602028554557092,0.9278937621768305,-0.2607518380004281,0.3301701165046654,-0.6082481944069,-0.10141843971631197,0.0,0.0,-0.0006692320562153728,0.4733333333332174,2.1764705882350155,0.0,0.0,-0.0023737591713422187,1,0,2.0,1.0,-0.14177219572429461,4.093182553341669,3,0.43388373911755823,-0.900968867902419,18,-1.0,-1.8369701987210297e-16,-0.00869629661429933,0,0.3308459357360975
2025-08-03 18:30:00,1395.1,1416.1,1391.7,1411.5,6312820.0,0.017088577995352832,0.6757683098027307,0.01728657456606436,-0.028875724989163864,-5.902033968554063,0.13713606263123054,0.5699387924439328,-0.2659256014977313,0.3245600643673083,-0.6191625606078965,-0.08994197292069628,0.0,0.0,0.003602493304576543,2.593333333332866,0.48780487804873424,0.0,0.0,0.0010045203415368176,2,0,3.0,0.0,-0.08862258009534192,3.9240170351938835,6,-0.7818314824680299,0.6234898018587334,18,-1.0,-1.8369701987210297e-16,-0.027772345913762833,0,0.33518210927649517
2025-08-04 18:30:00,1411.0,1411.0,1388.1,1391.7,9315972.0,0.01729471981470385,0.6752890856269947,0.016454695695911528,-0.0420975977071463,-5.188790899416469,0.12850904081055928,0.8330068604571389,-0.2921488690394646,0.3204506829420054,-0.5925839299339007,-0.10270793036750475,0.0,0.0,-0.003746301422162841,-1.9666666666662127,0.18652849740932428,0.0,0.0,-0.00035423308537017335,0,1,3.0,1.0,0.03750466983051716,3.689702402873524,0,0.0,1.0,18,-1.0,-1.8369701987210297e-16,-0.007911396363183828,0,0.3276587446285669
2025-08-05 18:30:00,1391.9,1395.9,1383.3,1392.8,5834312.0,0.016692879726327423,0.6554547552718323,0.00904652498564053,-0.041075141484102864,-4.255081791359551,0.12122361836755408,0.5288664438756882,-0.26003027309506443,0.3745060302724287,-0.6238774909832615,-0.08650882140749,0.0,0.0,0.001534036433365204,-4.179999999999136,12.99999999998783,0.0,0.0,0.00014370913271541665,1,0,3.0,2.0,-0.11487506116152443,3.7693454186414814,1,0.7818314824680298,0.6234898018587336,18,-1.0,-1.8369701987210297e-16,0.018711182196988002,1,0.34032373182197617
2025-08-06 18:30:00,1387.7,1393.7,1366.0,1389.4,9976705.0,0.01696250989516414,0.6516594068101309,0.01993666330790271,-0.04304176894700151,-3.5096167106328764,0.11145845747773386,0.904653227400933,-0.23475040263406666,0.37467040804767754,-0.6234280850964862,-0.08290429042904279,0.0,0.0,0.004603407967992979,-1.726666666666297,15.294117647049417,0.0,0.0,-0.0036616886846639186,0,1,0.0,3.0,-0.09940501237851537,3.7858022253656953,2,0.9749279121818236,-0.22252093395631434,18,-1.0,-1.8369701987210297e-16,0.016143104425746783,1,0.34047025637756173
2025-08-07 18:30:00,1385.0,1397.2,1365.0,1367.8,8793606.0,0.01768116925137519,0.6567241040708014,0.023541453428863886,-0.05722931011903526,-4.0747002057736985,0.1084212357556089,0.791778788956188,-0.24615837143409527,0.37106583841638335,-0.6423830788881316,-0.08813333333333331,0.0,0.0,-0.006440677966101778,-3.593333333332575,0.872093023255761,0.0,1.0,-0.0031668346048654727,0,2,1.0,3.0,-0.09670459740022291,3.732935104790865,3,0.43388373911755823,-0.900968867902419,18,-1.0,-1.8369701987210297e-16,0.04012784331145629,1,0.3348203990083391
2025-08-10 18:30:00,1370.0,1388.0,1361.2,1386.2,9997486.0,0.01758125723593806,0.6792252375641552,0.0193334295195498,-0.044184571255205814,-2.869593929448957,0.10243384741989169,0.9014522702693574,-0.18146372724425064,0.4621948156895103,-0.6303348852741976,-0.07370531239558964,0.0,0.0,0.005610098176718266,-5.593333333332266,0.6543209876542733,0.0,0.0,0.0016084222839596754,1,0,1.0,3.0,-0.180636697284176,3.2891158140992864,6,-0.7818314824680299,0.6234898018587334,18,-1.0,-1.8369701987210297e-16,0.015755976983198267,1,0.3354514018675492
2025-08-11 18:30:00,1381.9,1401.9,1375.2,1380.4,12244664.0,0.017775634606218976,0.7039581641352208,0.0193422196464793,-0.047854223198310133,-2.1559877403564656,0.09405108291711943,1.0839791854704666,-0.19056937849493416,0.37806735001824565,-0.62642607767873,-0.07417840375586844,0.0,0.0,-0.003920625375826697,-2.219999999999583,16.79999999998883,0.0,0.0,-0.0031020054826143063,0,1,1.0,1.0,-0.11808497775412485,3.3245839086856526,0,0.0,1.0,18,-1.0,-1.8369701987210297e-16,0.022358665750973453,1,0.3270980751417271
2025-08-12 18:30:00,1388.0,1391.8,1377.5,1382.6,7457021.0,0.017218455814899506,0.6818229125876795,0.010342832344857476,-0.04579836572438168,-1.2723974568994407,0.08150951164668938,0.6688880468535696,-0.2235123812173327,0.36005491709514,-0.6297283775540937,-0.07183136412459717,0.0,0.0,-0.0009874996989329414,-1.3399999999997865,1.64814814814779,1.0,0.0,0.00550565053607643,1,0,1.0,1.0,-0.13295518348659832,3.298338876294441,1,0.7818314824680298,0.6234898018587336,18,-1.0,-1.8369701987210297e-16,0.0009621503375075194,1,0.33596869069695434
2025-08-13 18:30:00,1377.3,1380.7,1370.1,1373.8,7126128.0,0.016740900168762386,0.6312154345003393,0.007715824719755517,-0.05097306692235649,-1.0276779497668365,0.06897886091442006,0.6530566431096858,-0.2011923779701976,0.37074831480845166,-0.6054053627553876,-0.07475754310344823,0.0,0.0,-0.0007758328080299903,-1.6333333333330218,2.028571428570888,0.0,0.0,-0.0038333574424996033,0,1,1.0,2.0,-0.13082098637428938,3.295813262917218,2,0.9749279121818236,-0.22252093395631434,18,-1.0,-1.8369701987210297e-16,0.008069125294975672,1,0.34766702384489667
2025-08-17 18:30:00,1390.0,1394.9,1377.0,1381.7,11785109.0,0.016547029667076534,0.5102885132589173,0.012955055366577461,-0.04470004535548746,-0.12812159751402774,0.04788892636501484,1.0726998315262446,-0.2196274264529377,0.4755222402947499,-0.5882798883344975,-0.06388888888888881,0.0,0.0,-0.00204641756548547,1.5733333333330428,1.1566265060239798,0.0,0.0,0.011792109477362088,1,0,1.0,2.0,-0.17841039930691457,3.161427620135204,6,-0.7818314824680299,0.6234898018587334,18,-1.0,-1.8369701987210297e-16,-0.018590871152548764,0,0.3457770966433174
2025-08-18 18:30:00,1390.0,1421.0,1389.1,1420.1,14384719.0,0.016926343294888457,0.5077862809630083,0.02246320681642143,-0.017760679717079883,3.0814483340066303,0.04564789396221131,1.3591648549744424,-0.07988492998490243,0.6736420766856482,-0.18765523462884942,-0.008240798938473478,0.0,0.0,0.007115502813105737,6.319999999998763,0.059800664451831485,0.0,0.0,0.006007092711876637,2,0,1.0,2.0,0.6629924371405831,2.7013183668995486,0,0.0,1.0,18,-1.0,-1.8369701987210297e-16,-0.04843797514990199,0,0.3038908021220907
2025-08-19 18:30:00,1413.0,1424.9,1410.0,1413.0,8725641.0,0.016549504674447695,0.5135553070936395,0.010544939844302959,-0.02232665498717209,4.659912117469521,0.04568063730234316,0.8725672063392546,-0.028828407286445132,0.7421239992180623,-0.06572491278555069,-0.009116409537166895,0.0,0.0,-0.002095152899079405,6.026666666665437,14900000000000.092,0.0,0.0,-0.004999647912118798,0,1,1.0,0.0,0.6568595815073758,2.788452745860041,1,0.7818314824680298,0.6234898018587336,18,-1.0,-1.8369701987210297e-16,-0.03416237731640473,0,0.26083325439061134
2025-08-20 18:30:00,1425.0,1431.9,1420.3,1424.8,11021323.0,0.016187627905918114,0.5186279872035923,0.008141493542953487,-0.01383319052094903,6.328817451124831,0.04573565751338506,1.0876340564549019,-0.07191105447677223,0.7653529274433607,-0.03318200602237678,-0.004958446818912027,0.0,0.0,-0.0006079027355623946,8.339999999998387,56.999999999702496,0.0,0.0,0.008492569002123137,1,0,2.0,0.0,0.6568740688903776,2.7884986914522583,2,0.9749279121818236,-0.22252093395631434,18,-1.0,-1.8369701987210297e-16,-0.038024701500917614,0,0.2564426366338
2025-08-21 18:30:00,1420.0,1423.4,1407.9,1409.2,5818868.0,0.01605438339506597,0.5742084887797155,0.010999148453022984,-0.02419297878734586,6.203894377208357,0.04634277820412884,0.6006747777803882,-0.06302250846094946,0.8298427310534874,0.15173473839157506,-0.015853062364690293,0.0,0.0,-0.003042094092677716,7.726666666665097,0.4351851851851509,0.0,0.0,-0.003368893879842751,0,1,3.0,0.0,0.7210813829245036,2.8635038731951807,3,0.43388373911755823,-0.900968867902419,18,-1.0,-1.8369701987210297e-16,-0.036752306125880374,0,0.26211781655343735
2025-08-24 18:30:00,1414.7,1419.5,1405.7,1412.6,5979407.0,0.01556956180317199,0.6815599347842813,0.00976921987823867,-0.021631325528177762,6.159578765948197,0.047435398617370526,0.6365504749076273,-0.058646004236532115,0.9980624323661739,0.17006450293413927,-0.013478594873943829,0.0,0.0,1.6096111811074045e-16,5.613333333332108,5.57142857142547,0.0,0.0,0.0039029236446210588,1,0,3.0,1.0,0.6314741622882912,2.8764640919917044,6,-0.7818314824680299,0.6234898018587334,18,-1.0,-1.8369701987210297e-16,-0.027678246874150172,0,0.2746274390050345
2025-08-25 18:30:00,1408.0,1410.0,1381.6,1384.9,12145259.0,0.016345497820424874,0.7102109666046275,0.020506895804751298,-0.04011300453154839,4.169341177534035,0.04769720193778895,1.2633811063767144,-0.07468481735940048,0.9534752915641186,0.07314833083319855,-0.03282352119561419,0.0,0.0,-0.005219681551538355,-3.5799999999992567,0.2294372294372283,0.0,0.0,-0.0032564066260795032,0,1,3.0,2.0,0.47368158541763977,2.672285316713703,0,0.0,1.0,18,-1.0,-1.8369701987210297e-16,-0.005331983384820679,0,0.27184822786480156
2025-08-27 18:30:00,1389.9,1392.2,1366.5,1385.9,13161813.0,0.016491575309988526,0.7159362115877281,0.018543906486759527,-0.03881631328249175,2.88583311536164,0.04614028834995369,1.3521644235575003,-0.08531435118295057,0.9779792468022486,0.04946242312178848,-0.03212514840421815,0.0,0.0,0.003160739275201388,-6.88666666666521,5.424999999998655,0.0,0.0,0.0036103689797097236,1,0,0.0,3.0,0.5440764838815162,3.2717587409329294,2,0.9749279121818236,-0.22252093395631434,18,-1.0,-1.8369701987210297e-16,-0.007723670306377393,0,0.2763235423233194
2025-08-28 18:30:00,1381.1,1403.5,1350.0,1357.2,18758842.0,0.018453105389639922,0.7856695785366011,0.039419392867668705,-0.057768274310786495,0.21061102932847575,0.05102244993520781,1.8192448055208836,-0.1400234109874539,0.8752737799949499,-0.17368916575614246,-0.05216844751728472,0.0,1.0,-0.009511761987009483,-11.086666666664462,1.2384937238493334,0.0,1.0,-0.0034634533516127992,0,1,1.0,3.0,0.41388683777504287,2.9506195563044124,3,0.43388373911755823,-0.900968867902419,18,-1.0,-1.8369701987210297e-16,0.013783465818579753,1,0.3018269048248799
2025-08-31 18:30:00,1356.0,1363.2,1340.6,1353.9,11232238.0,0.01836911410700574,0.8226429677361363,0.016692517911219527,-0.05902189429964232,-1.5761822467042066,0.0568074842659057,1.1210204119598848,-0.11581083956761408,0.9243047895241775,-0.08145927923152034,-0.05447307772889164,0.0,0.0,0.0009857801217437881,-12.186666666664197,9.761904761900643,0.0,0.0,-0.0008841732979664343,0,2,1.0,3.0,0.3585310000142791,3.1574986145550317,6,-0.7818314824680299,0.6234898018587334,18,-1.0,-1.8369701987210297e-16,0.020782632379704215,1,0.2831192709178826
2025-09-01 18:30:00,1354.8,1384.5,1354.5,1366.5,11517006.0,0.018499256006647632,0.8977962940904498,0.021953896816684946,-0.048946707608704836,-1.69416560741929,0.05888891721857975,1.1426228102723435,-0.11991315279320033,0.9357879741849662,-0.06070706592767123,-0.045673580557301516,0.0,0.0,-0.0014614541468761409,-8.819999999998172,1.5641025641024204,0.0,0.0,0.000664746288499788,1,0,1.0,1.0,0.2888188224381188,2.9380396146181806,0,0.0,1.0,18,-1.0,-1.8369701987210297e-16,0.019941688887343285,1,0.2829009840261871
2025-09-02 18:30:00,1369.7,1376.5,1360.5,1372.6,7847563.0,0.017934162139115126,0.9173010293562582,0.011656709893632515,-0.04358029577519751,-1.1709398294080149,0.057887188672998253,0.7726881398299978,-0.11856749229107111,0.950525573666377,-0.008126955572871348,-0.0414135065297857,0.0,0.0,0.001995328012458477,-4.4599999999990985,4.517241379309047,1.0,0.0,0.002341748993779761,2,0,1.0,1.0,0.3435769564918362,3.2537074607939798,1,0.7818314824680298,0.6234898018587336,18,-1.0,-1.8369701987210297e-16,0.01856536008713352,1,0.2754232264057429
2025-09-03 18:30:00,1371.8,1374.0,1357.1,1359.3,13223177.0,0.01770415457420009,0.9172214446865931,0.01243286985948656,-0.051638370936166016,-1.5086388147359013,0.06060225907384668,1.2774110367406193,-0.13272120691854314,0.9161519897500607,-0.059916835839366564,-0.05070186465535309,0.0,0.0,-0.0030559358497945282,-3.6133333333326894,0.3519999999999791,0.0,0.0,-0.0005828354946815926,0,1,1.0,1.0,0.35698559031811633,3.402375132849326,2,0.9749279121818236,-0.22252093395631434,18,-1.0,-1.8369701987210297e-16,0.032580941765497154,1,0.2755898988388999
2025-09-04 18:30:00,1363.0,1381.0,1359.3,1375.0,5777575.0,0.017379134808583503,0.9118059462078955,0.015781818181818206,-0.03944761601377035,-0.5140952802713041,0.06082009839374026,0.5582895255277048,-0.134597709935172,0.9156268665811568,-0.1244220523786879,-0.039737411830435124,0.0,0.0,0.0023570578086652342,0.30666666666659925,0.8083333333332697,0.0,0.0,0.0027219892591775494,1,0,1.0,1.0,0.25380912745313133,3.040073892387889,3,0.43388373911755823,-0.900968867902419,18,-1.0,-1.8369701987210297e-16,0.02712738363618189,1,0.27595871761963575
2025-09-07 18:30:00,1380.0,1386.0,1372.4,1378.5,6986720.0,0.016801494103499147,0.9202294033188523,0.009865796155241132,-0.03542849785744076,0.4859326688497756,0.0608930300992107,0.6850257224623294,-0.17382090430463762,1.080018815026729,-0.13518421223657728,-0.03729310706054896,0.0,0.0,-0.0003384176557324103,5.279999999998871,8.066666666661227,0.0,0.0,0.0036363636363636338,2,0,1.0,1.0,0.189411119182284,3.008253482956757,6,-0.7818314824680299,0.6234898018587334,18,-1.0,-1.8369701987210297e-16,0.025433579613486478,1,0.28574512046704986
2025-09-08 18:30:00,1376.6,1381.2,1368.7,1376.2,9754452.0,0.016276245929877118,0.9580409956271388,0.009082982124691172,-0.03515832040988586,1.0657250362770743,0.060111650857977095,0.9519091928517351,-0.12804185024409043,1.069539774144955,-0.17231126794300544,-0.038899364480759833,0.0,0.0,0.0006058990329850878,1.3733333333330828,30.249999999935035,0.0,0.0,-0.001378309756982292,0,1,1.0,2.0,0.1610347540743738,3.3872527670255757,0,0.0,1.0,18,-1.0,-1.8369701987210297e-16,0.021717952764069178,1,0.2835317257325517
2025-09-09 18:30:00,1383.9,1388.5,1374.1,1377.0,7790815.0,0.01585184175915861,1.0205575167748864,0.010457516339869341,-0.032921406077495476,1.5471339633562042,0.060325631773874594,0.7685586258622814,-0.1950737407308355,1.047256755979891,-0.17502185660289987,-0.03834066624764303,0.0,0.0,-0.0020774954101846453,1.9999999999995999,1.0869565217389585,0.0,0.0,0.005595116988809795,1,0,1.0,2.0,0.26819693389833027,3.875422586945186,1,0.7818314824680298,0.6234898018587336,18,-1.0,-1.8369701987210297e-16,0.009128088936262473,1,0.2895129400817215
2025-09-10 18:30:00,1376.0,1385.5,1375.0,1383.3,9766072.0,0.015194711369845312,1.1294200166867283,0.007590544350466272,-0.02651280037495405,2.289112724322379,0.060266849568224576,0.9753404862968268,-0.13182927170659037,1.3075492248884466,-0.1660395465907033,-0.033940917661847966,0.0,0.0,0.0014720787682802996,3.559999999999324,0.43835616438351055,1.0,0.0,-0.0007262164124909219,2,0,2.0,2.0,0.15062338804413428,3.823607259903445,2,0.9749279121818236,-0.22252093395631434,18,-1.0,-1.8369701987210297e-16,0.0039879029994575,1,0.28994384645011606
2025-09-11 18:30:00,1383.3,1396.3,1380.5,1395.0,7403368.0,0.015152065741894134,1.270385917753818,0.01132616487455193,-0.016565409327330603,3.494913890057582,0.06060787860487514,0.7395746867746459,-0.09029184390126178,1.3069309931179613,-0.18891535008489138,-0.025769956002514187,0.0,0.0,0.0031641018265495904,3.7666666666659436,0.3504273504273113,0.0,0.0,0.0,3,0,2.0,1.0,0.072053775212002,3.6155364718080216,3,0.43388373911755823,-0.900968867902419,18,-1.0,-1.8369701987210297e-16,-0.00933936259070774,0,0.2901730192653735
2025-09-14 18:30:00,1393.0,1400.8,1388.6,1399.3,5396697.0,0.015152065741894134,1.4499036583776783,0.008718645036804144,-0.011883106611831833,4.448003535814616,0.06071568454157008,0.5438117400038526,-0.05973525024905535,1.4915950125433606,-0.22840622758440784,-0.022766952999511217,0.0,0.0,0.002196385513405069,3.453333333332685,0.9365079365078091,0.0,0.0,-0.0014336917562724006,4,0,2.0,2.0,-0.04524518946334351,3.7457992202563646,6,-0.7818314824680299,0.6234898018587334,18,-1.0,-1.8369701987210297e-16,-0.02011107957737292,0,0.2997580590638412
2025-09-15 18:30:00,1404.7,1408.0,1398.2,1405.3,8686961.0,0.015152065741894134,1.6704260298213005,0.006973599943072617,-0.005933416708637366,5.291088091241859,0.06177865944256289,0.8892442401394839,-0.012076579486871616,1.4527021273580212,-0.24890623119489877,-0.01857671625113494,0.0,0.0,0.001044758399620109,5.693333333332155,15.33333333331018,0.0,0.0,0.0038590723933395895,5,0,0.0,3.0,-0.028129029692933776,3.783086966445719,0,0.0,1.0,18,-1.0,-1.8369701987210297e-16,-0.02060794843323299,0,0.30246832196888446
2025-09-16 18:30:00,1407.0,1416.2,1406.9,1413.8,7519417.0,0.015152065741894134,1.8807154734355294,0.006578016692601463,0.0018892606938816145,6.168512401183431,0.0604563069533936,0.7977602036958534,-0.06521621695806762,1.3665179287823943,-0.5623025306767249,-0.01264054752426854,0.0,0.0,0.001062097288111268,6.4866666666654265,0.3676470588234778,0.0,0.0,0.0012097061125738594,6,0,1.0,3.0,-1.0412475763661935,3.2601119438604997,1,0.7818314824680298,0.6234898018587336,18,-1.0,-1.8369701987210297e-16,-0.03012866500315579,0,0.30060995379858063
2025-09-17 18:30:00,1420.4,1422.0,1410.7,1415.0,9332642.0,0.015152065741894134,2.1085710583304027,0.007985865724381588,0.004485043466162134,6.5415359383879235,0.06083846962617269,0.9869534042143512,-0.049238955830388814,1.6661871379286175,-0.573734145069798,-0.011802500174593254,0.0,0.0,-0.0006356381100359228,6.926666666665257,1.0925925925923465,0.0,0.0,0.0046682699108785775,7,0,1.0,3.0,-1.157537699726992,3.5048632026925906,2,0.9749279121818236,-0.22252093395631434,18,-1.0,-1.8369701987210297e-16,-0.037407971673930576,0,0.2994642422158749
2025-09-18 18:30:00,1414.9,1417.0,1403.6,1407.4,13461373.0,0.015152065741894134,2.3232233592340386,0.009521102742646071,0.0006754594902058693,6.002351407679533,0.05709377900505521,1.4054452263364743,-0.06613245085754638,1.2698271275935533,-0.622881043422673,-0.011240691302515097,0.0,0.0,-0.0013718070009459547,3.746666666665875,0.7866666666665739,0.0,0.0,-7.067137809180847e-05,0,1,1.0,2.0,-1.0311508473867819,3.333365337119369,3,0.43388373911755823,-0.900968867902419,18,-1.0,-1.8369701987210297e-16,-0.028582646315227975,0,0.3042300683831692
2025-09-21 18:30:00,1403.9,1410.7,1388.0,1390.6,7757970.0,0.015152065741894134,2.4726926535885885,0.016323888968790473,-0.009486309029444723,4.318874396338861,0.055100706636238346,0.8018599874799591,-0.07135095107917479,1.2413059890637115,-0.6669059978340791,-0.02208157524613226,0.0,0.0,-0.004177308858281757,0.03999999999995562,0.70676691729316,0.0,0.0,-0.0024868551939747035,0,2,1.0,2.0,-1.018896265498144,3.2598840252949057,6,-0.7818314824680299,0.6234898018587334,18,-1.0,-1.8369701987210297e-16,-0.020453728736232423,0,0.294991235860069
2025-09-22 18:30:00,1391.0,1395.0,1376.8,1389.8,14014702.0,0.015152065741894134,2.6024172913373746,0.01309540941142613,-0.008567494881617326,3.0176667062302887,0.05209961867894373,1.390798174459935,-0.03870333239016577,1.0083572755944854,-0.642987584088618,-0.02264416315049228,0.0,0.0,0.0018742791234140047,-3.326666666665977,14.166666666654324,0.0,0.0,0.00028764562059549166,0,3,1.0,2.0,-0.9794747544732699,3.232920274301898,0,0.0,1.0,18,-1.0,-1.8369701987210297e-16,-0.01140612077955532,0,0.28590290580697914
2025-09-23 18:30:00,1385.3,1396.0,1380.4,1383.0,5922759.0,0.015152065741894134,2.712831367735132,0.01127982646420817,-0.01199889126701322,1.6344856224011566,0.05210844270649621,0.6064915711700535,-0.012420116362910488,1.0750183002986662,-0.5968237397750762,-0.027426160337552723,0.0,0.0,-0.0025003606289367227,-5.166666666665755,5.782608695649754,0.0,0.0,-0.0032378759533745844,0,4,1.0,1.0,-0.9803423243995891,3.8915486924676688,1,0.7818314824680298,0.6234898018587336,18,-1.0,-1.8369701987210297e-16,0.0006006721972413529,1,0.30033784310904377
2025-09-24 18:30:00,1381.3,1384.5,1369.0,1372.4,11411143.0,0.015152065741894134,2.8032302739200734,0.011294083357621677,-0.01798594097039357,0.026201395626423096,0.05267134436155759,1.179071609966718,-0.08028303282041167,0.8340688376557999,-0.6269569581851735,-0.0348804500703234,0.0,0.0,-0.002108630844179351,-8.119999999998358,0.7415730337078086,0.0,0.0,-0.0012292118582791355,0,5,1.0,1.0,-0.7992149877273913,3.403266266605119,2,0.9749279121818236,-0.22252093395631434,18,-1.0,-1.8369701987210297e-16,-0.004349905504601041,0,0.29733972035377426
2025-09-25 18:30:00,1372.0,1382.7,1366.0,1377.6,9879109.0,0.015152065741894134,2.7448969254857385,0.012122531939605136,-0.012739218676543138,-0.6306048334047141,0.04971427828028942,1.0698521666127299,0.010911698625622654,1.1282140041001725,-0.38222418516683615,-0.031223628691983165,0.0,0.0,0.001575261129825806,-6.779999999998662,1.9821428571425597,0.0,0.0,-0.00029146021568062565,1,0,1.0,2.0,-0.34582618433087403,2.384670444473617,3,0.43388373911755823,-0.900968867902419,18,-1.0,-1.8369701987210297e-16,-0.0005548305143708551,0,0.2468675740256317
2025-09-28 18:30:00,1381.6,1389.0,1368.0,1372.8,14231999.0,0.015152065741894134,2.636348549239709,0.015297202797202787,-0.014716099286300688,-1.2933515809983729,0.045916825316308016,1.5166116514827885,-0.041020327116336575,1.0905167019715112,-0.39626769702461756,-0.03459915611814347,0.0,0.0,-0.0027604242336191913,-3.966666666665813,1.3863636363634912,0.0,0.0,0.0029036004645760726,0,1,1.0,2.0,-0.32426472569932674,2.3328035642278984,6,-0.7818314824680299,0.6234898018587334,18,-1.0,-1.8369701987210297e-16,0.005762175328926057,1,0.26003341003284824
2025-09-29 18:30:00,1377.1,1377.1,1362.8,1364.0,14604684.0,0.015152065741894134,2.4419250821280216,0.010483870967741895,-0.019455610956792668,-2.1774022962935735,0.04640113936759668,1.5311364888161871,-0.09199024031052756,0.8276017383375465,-0.5280296233913044,-0.040787623066104055,0.0,0.0,-0.002899680791442141,-3.846666666665946,0.09160305343511162,0.0,0.0,0.0031322843822843473,0,2,1.0,2.0,-0.17914536712867116,2.262783441170662,0,0.0,1.0,18,-1.0,-1.8369701987210297e-16,0.007332171697264253,1,0.2726201108111093
2025-09-30 18:30:00,1367.0,1378.6,1362.7,1368.7,12045916.0,0.015152065741894134,2.251305436649962,0.011616862716446155,-0.015228806230240848,-2.287317450038752,0.04694479441406406,1.2356841882883371,-0.12579241479458006,0.8678226823966322,-0.4798003770289327,-0.03748241912798869,0.0,0.0,-0.0009489051094890172,-3.2933333333326353,8.352941176465343,0.0,1.0,0.002199413489736069,1,0,1.0,1.0,-0.16832798638928398,2.297952869937382,1,0.7818314824680298,0.6234898018587336,18,-1.0,-1.8369701987210297e-16,0.0045466782165503,1,0.26922064809968316
2025-10-02 18:30:00,1363.2,1371.6,1356.9,1363.4,12842347.0,0.015152065741894134,2.0597892436307204,0.010781868857268452,-0.018344303819341976,-2.5392208763478683,0.04601073032784146,1.319961293761664,-0.08340832294965014,0.8710004551956685,-0.44626064022781253,-0.04120956399437403,0.0,0.0,-0.0004154549231407945,-2.266666666666198,72.49999999961987,0.0,0.0,-0.00401841163147512,0,1,2.0,1.0,-0.12995197064230374,2.515595354154715,3,0.43388373911755823,-0.900968867902419,18,-1.0,-1.8369701987210297e-16,0.007262930632121126,1,0.26795410323072727
2025-10-05 18:30:00,1360.0,1377.4,1359.0,1375.0,12396580.0,0.015152065741894134,1.8046540953013617,0.01338181818181824,-0.009284624241472254,-1.7826086907451435,0.04601073032784146,1.232229345202631,-0.047961185515337436,0.9346438595569682,-0.2618293340566468,-0.03305203938115328,0.0,0.0,0.0033078756627914056,-0.9933333333331407,0.2266666666666576,0.0,0.0,-0.0024937655860349777,1,0,3.0,0.0,-0.34169722713844747,2.3344499198097037,6,-0.7818314824680299,0.6234898018587334,18,-1.0,-1.8369701987210297e-16,0.016103481946133334,1,0.2528349774078025
2025-10-06 18:30:00,1376.0,1395.9,1375.9,1384.8,11244040.0,0.015152065741894134,1.546105421463219,0.014442518775274398,-0.001963209285028534,-0.5443501878830546,0.04576467763525982,1.0945072818593373,-0.04948670124828024,0.9755790663222522,-0.21072909455106353,-0.02616033755274263,0.0,0.0,-0.0005292787374298046,1.7866666666663213,1.27272727272714,0.0,0.0,0.0007272727272727268,2,0,4.0,0.0,-0.33309691666177466,2.1975155026265916,0,0.0,1.0,18,-1.0,-1.8369701987210297e-16,0.022145082606624386,1,0.24190398496088503
2025-10-07 18:30:00,1384.8,1389.0,1364.5,1367.4,8525081.0,0.015152065741894134,1.2944778426064363,0.017917215152844803,-0.014158227820723103,-0.8037164328990682,0.04692063363372328,0.834835978934424,-0.09119689656540161,0.9872490536289543,-0.12701632548453412,-0.03839662447257375,0.0,0.0,-0.004537843674925223,1.1333333333331217,0.4080459770114819,0.0,0.0,0.0,0,1,5.0,0.0,-0.405845170175548,2.1086792701641937,1,0.7818314824680298,0.6234898018587336,18,-1.0,-1.8369701987210297e-16,0.06687799554043061,1,0.245134517350862
